{
    "total": [
        {
            "id": "61564256434087",
            "count": 0
        },
        {
            "id": "100083641189883",
            "count": 94
        },
        {
            "id": "100091746881950",
            "count": 0
        },
        {
            "id": "61573179532897",
            "count": 183
        },
        {
            "id": "61558672544622",
            "count": 0
        },
        {
            "id": "100083411540341",
            "count": 313
        },
        {
            "id": "100083251897553",
            "count": 0
        },
        {
            "id": "61577342549582",
            "count": 0
        },
        {
            "id": "61567380487188",
            "count": 95
        },
        {
            "id": "61577301731802",
            "count": 45
        },
        {
            "id": "61576847171850",
            "count": 83
        }
    ],
    "week": [
        {
            "id": "61564256434087",
            "count": 0
        },
        {
            "id": "100083641189883",
            "count": 94
        },
        {
            "id": "100091746881950",
            "count": 0
        },
        {
            "id": "61573179532897",
            "count": 183
        },
        {
            "id": "61558672544622",
            "count": 0
        },
        {
            "id": "100083411540341",
            "count": 313
        },
        {
            "id": "100083251897553",
            "count": 0
        },
        {
            "id": "61577342549582",
            "count": 0
        },
        {
            "id": "61567380487188",
            "count": 95
        },
        {
            "id": "61577301731802",
            "count": 45
        },
        {
            "id": "61576847171850",
            "count": 83
        }
    ],
    "day": [
        {
            "id": "61564256434087",
            "count": 0
        },
        {
            "id": "100083641189883",
            "count": 94
        },
        {
            "id": "100091746881950",
            "count": 0
        },
        {
            "id": "61573179532897",
            "count": 183
        },
        {
            "id": "61558672544622",
            "count": 0
        },
        {
            "id": "100083411540341",
            "count": 313
        },
        {
            "id": "100083251897553",
            "count": 0
        },
        {
            "id": "61577342549582",
            "count": 0
        },
        {
            "id": "61567380487188",
            "count": 95
        },
        {
            "id": "61577301731802",
            "count": 45
        },
        {
            "id": "61576847171850",
            "count": 83
        }
    ],
    "time": 1,
    "last": {
        "time": 4,
        "day": [
            {
                "id": "61564256434087",
                "count": 0
            },
            {
                "id": "100083641189883",
                "count": 0
            },
            {
                "id": "100091746881950",
                "count": 0
            },
            {
                "id": "61573179532897",
                "count": 0
            },
            {
                "id": "61558672544622",
                "count": 0
            },
            {
                "id": "100083411540341",
                "count": 0
            },
            {
                "id": "100083251897553",
                "count": 0
            },
            {
                "id": "61576544321107",
                "count": 0
            },
            {
                "id": "61576866025000",
                "count": 0
            },
            {
                "id": "61577342549582",
                "count": 0
            },
            {
                "id": "61567380487188",
                "count": 0
            },
            {
                "id": "61577301731802",
                "count": 0
            },
            {
                "id": "61576847171850",
                "count": 0
            }
        ],
        "week": [
            {
                "id": "61564256434087",
                "count": 0
            },
            {
                "id": "100083641189883",
                "count": 0
            },
            {
                "id": "100091746881950",
                "count": 0
            },
            {
                "id": "61573179532897",
                "count": 0
            },
            {
                "id": "61558672544622",
                "count": 0
            },
            {
                "id": "100083411540341",
                "count": 0
            },
            {
                "id": "100083251897553",
                "count": 0
            },
            {
                "id": "61576544321107",
                "count": 0
            },
            {
                "id": "61576866025000",
                "count": 0
            },
            {
                "id": "61577342549582",
                "count": 0
            },
            {
                "id": "61567380487188",
                "count": 0
            },
            {
                "id": "61577301731802",
                "count": 0
            },
            {
                "id": "61576847171850",
                "count": 0
            }
        ]
    }
}