{
    "total": [
        {
            "id": "100083411540341",
            "count": 158
        },
        {
            "id": "61576847171850",
            "count": 62
        },
        {
            "id": "61573179532897",
            "count": 112
        },
        {
            "id": "61577301731802",
            "count": 21
        },
        {
            "id": "100053728088769",
            "count": 31
        }
    ],
    "week": [
        {
            "id": "100083411540341",
            "count": 158
        },
        {
            "id": "61576847171850",
            "count": 62
        },
        {
            "id": "61573179532897",
            "count": 112
        },
        {
            "id": "61577301731802",
            "count": 21
        },
        {
            "id": "100053728088769",
            "count": 31
        }
    ],
    "day": [
        {
            "id": "100083411540341",
            "count": 158
        },
        {
            "id": "61576847171850",
            "count": 62
        },
        {
            "id": "61573179532897",
            "count": 112
        },
        {
            "id": "61577301731802",
            "count": 21
        },
        {
            "id": "100053728088769",
            "count": 31
        }
    ],
    "time": 1,
    "last": {
        "time": 2,
        "day": [
            {
                "id": "100083411540341",
                "count": 0
            },
            {
                "id": "61576847171850",
                "count": 0
            },
            {
                "id": "61573179532897",
                "count": 0
            },
            {
                "id": "61577301731802",
                "count": 0
            },
            {
                "id": "100053728088769",
                "count": 0
            }
        ],
        "week": [
            {
                "id": "100083411540341",
                "count": 0
            },
            {
                "id": "61576847171850",
                "count": 0
            },
            {
                "id": "61573179532897",
                "count": 0
            },
            {
                "id": "61577301731802",
                "count": 0
            },
            {
                "id": "100053728088769",
                "count": 0
            }
        ]
    }
}