{
    "total": [
        {
            "id": "61567380487188",
            "count": 1
        },
        {
            "id": "61573179532897",
            "count": 0
        },
        {
            "id": "61574994751305",
            "count": 0
        },
        {
            "id": "100075746319819",
            "count": 1
        },
        {
            "id": "100077038275962",
            "count": 1
        },
        {
            "id": "100083411540341",
            "count": 2
        }
    ],
    "week": [
        {
            "id": "61567380487188",
            "count": 1
        },
        {
            "id": "61573179532897",
            "count": 0
        },
        {
            "id": "61574994751305",
            "count": 0
        },
        {
            "id": "100075746319819",
            "count": 1
        },
        {
            "id": "100077038275962",
            "count": 1
        },
        {
            "id": "100083411540341",
            "count": 2
        }
    ],
    "day": [
        {
            "id": "61567380487188",
            "count": 1
        },
        {
            "id": "61573179532897",
            "count": 0
        },
        {
            "id": "61574994751305",
            "count": 0
        },
        {
            "id": "100075746319819",
            "count": 1
        },
        {
            "id": "100077038275962",
            "count": 1
        },
        {
            "id": "100083411540341",
            "count": 2
        }
    ],
    "time": 1,
    "last": {
        "time": 6,
        "day": [
            {
                "id": "61567380487188",
                "count": 0
            },
            {
                "id": "61573179532897",
                "count": 0
            },
            {
                "id": "61574994751305",
                "count": 0
            },
            {
                "id": "100075746319819",
                "count": 0
            },
            {
                "id": "100077038275962",
                "count": 0
            },
            {
                "id": "100083411540341",
                "count": 0
            }
        ],
        "week": [
            {
                "id": "61567380487188",
                "count": 0
            },
            {
                "id": "61573179532897",
                "count": 0
            },
            {
                "id": "61574994751305",
                "count": 0
            },
            {
                "id": "100075746319819",
                "count": 0
            },
            {
                "id": "100077038275962",
                "count": 0
            },
            {
                "id": "100083411540341",
                "count": 0
            }
        ]
    }
}