{
    "total": [
        {
            "id": "100083411540341",
            "count": 21
        },
        {
            "id": "61555152753456",
            "count": 0
        },
        {
            "id": "61572830919949",
            "count": 0
        },
        {
            "id": "61552168838522",
            "count": 0
        },
        {
            "id": "1547532949",
            "count": 0
        },
        {
            "id": "61560849144115",
            "count": 0
        },
        {
            "id": "100003605251355",
            "count": 0
        },
        {
            "id": "574771249",
            "count": 29
        },
        {
            "id": "61567380487188",
            "count": 4
        },
        {
            "id": "100001394067753",
            "count": 16
        }
    ],
    "week": [
        {
            "id": "100083411540341",
            "count": 21
        },
        {
            "id": "61555152753456",
            "count": 0
        },
        {
            "id": "61572830919949",
            "count": 0
        },
        {
            "id": "61552168838522",
            "count": 0
        },
        {
            "id": "1547532949",
            "count": 0
        },
        {
            "id": "61560849144115",
            "count": 0
        },
        {
            "id": "100003605251355",
            "count": 0
        },
        {
            "id": "574771249",
            "count": 29
        },
        {
            "id": "61567380487188",
            "count": 4
        },
        {
            "id": "100001394067753",
            "count": 16
        }
    ],
    "day": [
        {
            "id": "100083411540341",
            "count": 21
        },
        {
            "id": "61555152753456",
            "count": 0
        },
        {
            "id": "61572830919949",
            "count": 0
        },
        {
            "id": "61552168838522",
            "count": 0
        },
        {
            "id": "1547532949",
            "count": 0
        },
        {
            "id": "61560849144115",
            "count": 0
        },
        {
            "id": "100003605251355",
            "count": 0
        },
        {
            "id": "574771249",
            "count": 29
        },
        {
            "id": "61567380487188",
            "count": 4
        },
        {
            "id": "100001394067753",
            "count": 16
        }
    ],
    "time": 1,
    "last": {
        "time": 5,
        "day": [
            {
                "id": "100083411540341",
                "count": 0
            },
            {
                "id": "61555152753456",
                "count": 0
            },
            {
                "id": "61572830919949",
                "count": 0
            },
            {
                "id": "61552168838522",
                "count": 0
            },
            {
                "id": "1547532949",
                "count": 0
            },
            {
                "id": "61560849144115",
                "count": 0
            },
            {
                "id": "100003605251355",
                "count": 0
            },
            {
                "id": "574771249",
                "count": 0
            },
            {
                "id": "61567380487188",
                "count": 0
            },
            {
                "id": "100001394067753",
                "count": 0
            }
        ],
        "week": [
            {
                "id": "100083411540341",
                "count": 0
            },
            {
                "id": "61555152753456",
                "count": 0
            },
            {
                "id": "61572830919949",
                "count": 0
            },
            {
                "id": "61552168838522",
                "count": 0
            },
            {
                "id": "1547532949",
                "count": 0
            },
            {
                "id": "61560849144115",
                "count": 0
            },
            {
                "id": "100003605251355",
                "count": 0
            },
            {
                "id": "574771249",
                "count": 0
            },
            {
                "id": "61567380487188",
                "count": 0
            },
            {
                "id": "100001394067753",
                "count": 0
            }
        ]
    }
}