{
    "total": [
        {
            "id": "61562436296217",
            "count": 0
        },
        {
            "id": "100056905149706",
            "count": 1
        },
        {
            "id": "61573179532897",
            "count": 5
        },
        {
            "id": "100069762654514",
            "count": 2
        },
        {
            "id": "100093529070969",
            "count": 31
        },
        {
            "id": "100090866409588",
            "count": 1
        },
        {
            "id": "61565399032015",
            "count": 0
        },
        {
            "id": "61553553092025",
            "count": 0
        },
        {
            "id": "61577029350303",
            "count": 0
        },
        {
            "id": "61575958093001",
            "count": 0
        },
        {
            "id": "61561911129667",
            "count": 0
        },
        {
            "id": "100084642245864",
            "count": 0
        },
        {
            "id": "100063577910507",
            "count": 5
        },
        {
            "id": "100095254963575",
            "count": 0
        },
        {
            "id": "61577027259267",
            "count": 0
        },
        {
            "id": "100081520880524",
            "count": 0
        },
        {
            "id": "61555170683003",
            "count": 0
        },
        {
            "id": "100073009745356",
            "count": 0
        },
        {
            "id": "61561266994275",
            "count": 0
        },
        {
            "id": "61571813927490",
            "count": 0
        },
        {
            "id": "61572092417704",
            "count": 9
        },
        {
            "id": "61561849572776",
            "count": 0
        },
        {
            "id": "61555991185117",
            "count": 0
        },
        {
            "id": "61570109120054",
            "count": 0
        },
        {
            "id": "61550723411188",
            "count": 0
        },
        {
            "id": "61551529243710",
            "count": 4
        },
        {
            "id": "100032089604056",
            "count": 0
        },
        {
            "id": "61555858696005",
            "count": 0
        },
        {
            "id": "61568082702537",
            "count": 0
        },
        {
            "id": "61572576922794",
            "count": 6
        },
        {
            "id": "100073372425503",
            "count": 0
        },
        {
            "id": "61575067212831",
            "count": 1
        },
        {
            "id": "100048693720622",
            "count": 0
        },
        {
            "id": "61571887812026",
            "count": 0
        },
        {
            "id": "61571937947296",
            "count": 0
        },
        {
            "id": "100048426789194",
            "count": 0
        },
        {
            "id": "61552162920397",
            "count": 0
        },
        {
            "id": "100078309991534",
            "count": 0
        },
        {
            "id": "100051807154433",
            "count": 0
        },
        {
            "id": "61577237682252",
            "count": 0
        },
        {
            "id": "61559248086806",
            "count": 0
        },
        {
            "id": "100083638883615",
            "count": 0
        },
        {
            "id": "61570933742847",
            "count": 0
        },
        {
            "id": "100058283544354",
            "count": 0
        },
        {
            "id": "61577264532123",
            "count": 0
        },
        {
            "id": "100053875774447",
            "count": 4
        },
        {
            "id": "100070172681787",
            "count": 0
        },
        {
            "id": "61576847171850",
            "count": 1
        },
        {
            "id": "100056462061531",
            "count": 0
        },
        {
            "id": "61576590071940",
            "count": 0
        },
        {
            "id": "61577187917759",
            "count": 0
        },
        {
            "id": "61577301731802",
            "count": 1
        },
        {
            "id": "61576542742509",
            "count": 0
        },
        {
            "id": "100026569935991",
            "count": 0
        },
        {
            "id": "100077038275962",
            "count": 1
        },
        {
            "id": "61576402202095",
            "count": 19
        },
        {
            "id": "61577911131313",
            "count": 1
        },
        {
            "id": "61563627763854",
            "count": 0
        },
        {
            "id": "100077297232237",
            "count": 9
        },
        {
            "id": "61574624683882",
            "count": 0
        },
        {
            "id": "61574656689143",
            "count": 0
        },
        {
            "id": "61562748599886",
            "count": 0
        },
        {
            "id": "100015846753712",
            "count": 0
        },
        {
            "id": "61568831474270",
            "count": 0
        },
        {
            "id": "61577359542061",
            "count": 59
        },
        {
            "id": "100084518174899",
            "count": 0
        },
        {
            "id": "100014099229051",
            "count": 0
        },
        {
            "id": "61572580783204",
            "count": 1
        }
    ],
    "week": [
        {
            "id": "61562436296217",
            "count": 0
        },
        {
            "id": "100056905149706",
            "count": 1
        },
        {
            "id": "61573179532897",
            "count": 5
        },
        {
            "id": "100069762654514",
            "count": 2
        },
        {
            "id": "100093529070969",
            "count": 31
        },
        {
            "id": "100090866409588",
            "count": 1
        },
        {
            "id": "61565399032015",
            "count": 0
        },
        {
            "id": "61553553092025",
            "count": 0
        },
        {
            "id": "61577029350303",
            "count": 0
        },
        {
            "id": "61575958093001",
            "count": 0
        },
        {
            "id": "61561911129667",
            "count": 0
        },
        {
            "id": "100084642245864",
            "count": 0
        },
        {
            "id": "100063577910507",
            "count": 5
        },
        {
            "id": "100095254963575",
            "count": 0
        },
        {
            "id": "61577027259267",
            "count": 0
        },
        {
            "id": "100081520880524",
            "count": 0
        },
        {
            "id": "61555170683003",
            "count": 0
        },
        {
            "id": "100073009745356",
            "count": 0
        },
        {
            "id": "61561266994275",
            "count": 0
        },
        {
            "id": "61571813927490",
            "count": 0
        },
        {
            "id": "61572092417704",
            "count": 9
        },
        {
            "id": "61561849572776",
            "count": 0
        },
        {
            "id": "61555991185117",
            "count": 0
        },
        {
            "id": "61570109120054",
            "count": 0
        },
        {
            "id": "61550723411188",
            "count": 0
        },
        {
            "id": "61551529243710",
            "count": 4
        },
        {
            "id": "100032089604056",
            "count": 0
        },
        {
            "id": "61555858696005",
            "count": 0
        },
        {
            "id": "61568082702537",
            "count": 0
        },
        {
            "id": "61572576922794",
            "count": 6
        },
        {
            "id": "100073372425503",
            "count": 0
        },
        {
            "id": "61575067212831",
            "count": 1
        },
        {
            "id": "100048693720622",
            "count": 0
        },
        {
            "id": "61571887812026",
            "count": 0
        },
        {
            "id": "61571937947296",
            "count": 0
        },
        {
            "id": "100048426789194",
            "count": 0
        },
        {
            "id": "61552162920397",
            "count": 0
        },
        {
            "id": "100078309991534",
            "count": 0
        },
        {
            "id": "100051807154433",
            "count": 0
        },
        {
            "id": "61577237682252",
            "count": 0
        },
        {
            "id": "61559248086806",
            "count": 0
        },
        {
            "id": "100083638883615",
            "count": 0
        },
        {
            "id": "61570933742847",
            "count": 0
        },
        {
            "id": "100058283544354",
            "count": 0
        },
        {
            "id": "61577264532123",
            "count": 0
        },
        {
            "id": "100053875774447",
            "count": 4
        },
        {
            "id": "100070172681787",
            "count": 0
        },
        {
            "id": "61576847171850",
            "count": 1
        },
        {
            "id": "100056462061531",
            "count": 0
        },
        {
            "id": "61576590071940",
            "count": 0
        },
        {
            "id": "61577187917759",
            "count": 0
        },
        {
            "id": "61577301731802",
            "count": 1
        },
        {
            "id": "61576542742509",
            "count": 0
        },
        {
            "id": "100026569935991",
            "count": 0
        },
        {
            "id": "100077038275962",
            "count": 1
        },
        {
            "id": "61576402202095",
            "count": 19
        },
        {
            "id": "61577911131313",
            "count": 1
        },
        {
            "id": "61563627763854",
            "count": 0
        },
        {
            "id": "100077297232237",
            "count": 9
        },
        {
            "id": "61574624683882",
            "count": 0
        },
        {
            "id": "61574656689143",
            "count": 0
        },
        {
            "id": "61562748599886",
            "count": 0
        },
        {
            "id": "100015846753712",
            "count": 0
        },
        {
            "id": "61568831474270",
            "count": 0
        },
        {
            "id": "61577359542061",
            "count": 59
        },
        {
            "id": "100084518174899",
            "count": 0
        },
        {
            "id": "100014099229051",
            "count": 0
        },
        {
            "id": "61572580783204",
            "count": 1
        }
    ],
    "day": [
        {
            "id": "61562436296217",
            "count": 0
        },
        {
            "id": "100056905149706",
            "count": 1
        },
        {
            "id": "61573179532897",
            "count": 5
        },
        {
            "id": "100069762654514",
            "count": 2
        },
        {
            "id": "100093529070969",
            "count": 31
        },
        {
            "id": "100090866409588",
            "count": 1
        },
        {
            "id": "61565399032015",
            "count": 0
        },
        {
            "id": "61553553092025",
            "count": 0
        },
        {
            "id": "61577029350303",
            "count": 0
        },
        {
            "id": "61575958093001",
            "count": 0
        },
        {
            "id": "61561911129667",
            "count": 0
        },
        {
            "id": "100084642245864",
            "count": 0
        },
        {
            "id": "100063577910507",
            "count": 5
        },
        {
            "id": "100095254963575",
            "count": 0
        },
        {
            "id": "61577027259267",
            "count": 0
        },
        {
            "id": "100081520880524",
            "count": 0
        },
        {
            "id": "61555170683003",
            "count": 0
        },
        {
            "id": "100073009745356",
            "count": 0
        },
        {
            "id": "61561266994275",
            "count": 0
        },
        {
            "id": "61571813927490",
            "count": 0
        },
        {
            "id": "61572092417704",
            "count": 9
        },
        {
            "id": "61561849572776",
            "count": 0
        },
        {
            "id": "61555991185117",
            "count": 0
        },
        {
            "id": "61570109120054",
            "count": 0
        },
        {
            "id": "61550723411188",
            "count": 0
        },
        {
            "id": "61551529243710",
            "count": 4
        },
        {
            "id": "100032089604056",
            "count": 0
        },
        {
            "id": "61555858696005",
            "count": 0
        },
        {
            "id": "61568082702537",
            "count": 0
        },
        {
            "id": "61572576922794",
            "count": 6
        },
        {
            "id": "100073372425503",
            "count": 0
        },
        {
            "id": "61575067212831",
            "count": 1
        },
        {
            "id": "100048693720622",
            "count": 0
        },
        {
            "id": "61571887812026",
            "count": 0
        },
        {
            "id": "61571937947296",
            "count": 0
        },
        {
            "id": "100048426789194",
            "count": 0
        },
        {
            "id": "61552162920397",
            "count": 0
        },
        {
            "id": "100078309991534",
            "count": 0
        },
        {
            "id": "100051807154433",
            "count": 0
        },
        {
            "id": "61577237682252",
            "count": 0
        },
        {
            "id": "61559248086806",
            "count": 0
        },
        {
            "id": "100083638883615",
            "count": 0
        },
        {
            "id": "61570933742847",
            "count": 0
        },
        {
            "id": "100058283544354",
            "count": 0
        },
        {
            "id": "61577264532123",
            "count": 0
        },
        {
            "id": "100053875774447",
            "count": 4
        },
        {
            "id": "100070172681787",
            "count": 0
        },
        {
            "id": "61576847171850",
            "count": 1
        },
        {
            "id": "100056462061531",
            "count": 0
        },
        {
            "id": "61576590071940",
            "count": 0
        },
        {
            "id": "61577187917759",
            "count": 0
        },
        {
            "id": "61577301731802",
            "count": 1
        },
        {
            "id": "61576542742509",
            "count": 0
        },
        {
            "id": "100026569935991",
            "count": 0
        },
        {
            "id": "100077038275962",
            "count": 1
        },
        {
            "id": "61576402202095",
            "count": 19
        },
        {
            "id": "61577911131313",
            "count": 1
        },
        {
            "id": "61563627763854",
            "count": 0
        },
        {
            "id": "100077297232237",
            "count": 9
        },
        {
            "id": "61574624683882",
            "count": 0
        },
        {
            "id": "61574656689143",
            "count": 0
        },
        {
            "id": "61562748599886",
            "count": 0
        },
        {
            "id": "100015846753712",
            "count": 0
        },
        {
            "id": "61568831474270",
            "count": 0
        },
        {
            "id": "61577359542061",
            "count": 59
        },
        {
            "id": "100084518174899",
            "count": 0
        },
        {
            "id": "100014099229051",
            "count": 0
        },
        {
            "id": "61572580783204",
            "count": 1
        }
    ],
    "time": 1,
    "last": {
        "time": 1,
        "day": [
            {
                "id": "61562436296217",
                "count": 0
            },
            {
                "id": "100056905149706",
                "count": 0
            },
            {
                "id": "61573179532897",
                "count": 0
            },
            {
                "id": "100069762654514",
                "count": 0
            },
            {
                "id": "100093529070969",
                "count": 0
            },
            {
                "id": "100090866409588",
                "count": 0
            },
            {
                "id": "61565399032015",
                "count": 0
            },
            {
                "id": "61553553092025",
                "count": 0
            },
            {
                "id": "61577029350303",
                "count": 0
            },
            {
                "id": "61575958093001",
                "count": 0
            },
            {
                "id": "61561911129667",
                "count": 0
            },
            {
                "id": "100084642245864",
                "count": 0
            },
            {
                "id": "100063577910507",
                "count": 0
            },
            {
                "id": "100095254963575",
                "count": 0
            },
            {
                "id": "61577027259267",
                "count": 0
            },
            {
                "id": "100081520880524",
                "count": 0
            },
            {
                "id": "61555170683003",
                "count": 0
            },
            {
                "id": "100073009745356",
                "count": 0
            },
            {
                "id": "61561266994275",
                "count": 0
            },
            {
                "id": "61571813927490",
                "count": 0
            },
            {
                "id": "61572092417704",
                "count": 0
            },
            {
                "id": "61561849572776",
                "count": 0
            },
            {
                "id": "61555991185117",
                "count": 0
            },
            {
                "id": "61570109120054",
                "count": 0
            },
            {
                "id": "61550723411188",
                "count": 0
            },
            {
                "id": "61551529243710",
                "count": 0
            },
            {
                "id": "100032089604056",
                "count": 0
            },
            {
                "id": "61555858696005",
                "count": 0
            },
            {
                "id": "61568082702537",
                "count": 0
            },
            {
                "id": "61572576922794",
                "count": 0
            },
            {
                "id": "100073372425503",
                "count": 0
            },
            {
                "id": "61575067212831",
                "count": 0
            },
            {
                "id": "100048693720622",
                "count": 0
            },
            {
                "id": "61571887812026",
                "count": 0
            },
            {
                "id": "61571937947296",
                "count": 0
            },
            {
                "id": "100048426789194",
                "count": 0
            },
            {
                "id": "61552162920397",
                "count": 0
            },
            {
                "id": "100078309991534",
                "count": 0
            },
            {
                "id": "100051807154433",
                "count": 0
            },
            {
                "id": "61577237682252",
                "count": 0
            },
            {
                "id": "61559248086806",
                "count": 0
            },
            {
                "id": "100083638883615",
                "count": 0
            },
            {
                "id": "61570933742847",
                "count": 0
            },
            {
                "id": "100058283544354",
                "count": 0
            },
            {
                "id": "61577264532123",
                "count": 0
            },
            {
                "id": "100053875774447",
                "count": 0
            },
            {
                "id": "100070172681787",
                "count": 0
            },
            {
                "id": "61576847171850",
                "count": 0
            },
            {
                "id": "100056462061531",
                "count": 0
            },
            {
                "id": "61576590071940",
                "count": 0
            },
            {
                "id": "61577187917759",
                "count": 0
            },
            {
                "id": "61577301731802",
                "count": 0
            },
            {
                "id": "61576542742509",
                "count": 0
            },
            {
                "id": "100026569935991",
                "count": 0
            },
            {
                "id": "100077038275962",
                "count": 0
            },
            {
                "id": "61576402202095",
                "count": 0
            },
            {
                "id": "61577911131313",
                "count": 0
            },
            {
                "id": "61563627763854",
                "count": 0
            },
            {
                "id": "100077297232237",
                "count": 0
            },
            {
                "id": "61574624683882",
                "count": 0
            },
            {
                "id": "61574656689143",
                "count": 0
            },
            {
                "id": "61562748599886",
                "count": 0
            },
            {
                "id": "100015846753712",
                "count": 0
            },
            {
                "id": "61568831474270",
                "count": 0
            },
            {
                "id": "61577359542061",
                "count": 0
            },
            {
                "id": "100084518174899",
                "count": 0
            },
            {
                "id": "100014099229051",
                "count": 0
            },
            {
                "id": "61572580783204",
                "count": 0
            }
        ],
        "week": [
            {
                "id": "61562436296217",
                "count": 0
            },
            {
                "id": "100056905149706",
                "count": 0
            },
            {
                "id": "61573179532897",
                "count": 0
            },
            {
                "id": "100069762654514",
                "count": 0
            },
            {
                "id": "100093529070969",
                "count": 0
            },
            {
                "id": "100090866409588",
                "count": 0
            },
            {
                "id": "61565399032015",
                "count": 0
            },
            {
                "id": "61553553092025",
                "count": 0
            },
            {
                "id": "61577029350303",
                "count": 0
            },
            {
                "id": "61575958093001",
                "count": 0
            },
            {
                "id": "61561911129667",
                "count": 0
            },
            {
                "id": "100084642245864",
                "count": 0
            },
            {
                "id": "100063577910507",
                "count": 0
            },
            {
                "id": "100095254963575",
                "count": 0
            },
            {
                "id": "61577027259267",
                "count": 0
            },
            {
                "id": "100081520880524",
                "count": 0
            },
            {
                "id": "61555170683003",
                "count": 0
            },
            {
                "id": "100073009745356",
                "count": 0
            },
            {
                "id": "61561266994275",
                "count": 0
            },
            {
                "id": "61571813927490",
                "count": 0
            },
            {
                "id": "61572092417704",
                "count": 0
            },
            {
                "id": "61561849572776",
                "count": 0
            },
            {
                "id": "61555991185117",
                "count": 0
            },
            {
                "id": "61570109120054",
                "count": 0
            },
            {
                "id": "61550723411188",
                "count": 0
            },
            {
                "id": "61551529243710",
                "count": 0
            },
            {
                "id": "100032089604056",
                "count": 0
            },
            {
                "id": "61555858696005",
                "count": 0
            },
            {
                "id": "61568082702537",
                "count": 0
            },
            {
                "id": "61572576922794",
                "count": 0
            },
            {
                "id": "100073372425503",
                "count": 0
            },
            {
                "id": "61575067212831",
                "count": 0
            },
            {
                "id": "100048693720622",
                "count": 0
            },
            {
                "id": "61571887812026",
                "count": 0
            },
            {
                "id": "61571937947296",
                "count": 0
            },
            {
                "id": "100048426789194",
                "count": 0
            },
            {
                "id": "61552162920397",
                "count": 0
            },
            {
                "id": "100078309991534",
                "count": 0
            },
            {
                "id": "100051807154433",
                "count": 0
            },
            {
                "id": "61577237682252",
                "count": 0
            },
            {
                "id": "61559248086806",
                "count": 0
            },
            {
                "id": "100083638883615",
                "count": 0
            },
            {
                "id": "61570933742847",
                "count": 0
            },
            {
                "id": "100058283544354",
                "count": 0
            },
            {
                "id": "61577264532123",
                "count": 0
            },
            {
                "id": "100053875774447",
                "count": 0
            },
            {
                "id": "100070172681787",
                "count": 0
            },
            {
                "id": "61576847171850",
                "count": 0
            },
            {
                "id": "100056462061531",
                "count": 0
            },
            {
                "id": "61576590071940",
                "count": 0
            },
            {
                "id": "61577187917759",
                "count": 0
            },
            {
                "id": "61577301731802",
                "count": 0
            },
            {
                "id": "61576542742509",
                "count": 0
            },
            {
                "id": "100026569935991",
                "count": 0
            },
            {
                "id": "100077038275962",
                "count": 0
            },
            {
                "id": "61576402202095",
                "count": 0
            },
            {
                "id": "61577911131313",
                "count": 0
            },
            {
                "id": "61563627763854",
                "count": 0
            },
            {
                "id": "100077297232237",
                "count": 0
            },
            {
                "id": "61574624683882",
                "count": 0
            },
            {
                "id": "61574656689143",
                "count": 0
            },
            {
                "id": "61562748599886",
                "count": 0
            },
            {
                "id": "100015846753712",
                "count": 0
            },
            {
                "id": "61568831474270",
                "count": 0
            },
            {
                "id": "61577359542061",
                "count": 0
            },
            {
                "id": "100084518174899",
                "count": 0
            },
            {
                "id": "100014099229051",
                "count": 0
            },
            {
                "id": "61572580783204",
                "count": 0
            }
        ]
    }
}