{
    "total": [
        {
            "id": "61567380487188",
            "count": 12
        }
    ],
    "week": [
        {
            "id": "61567380487188",
            "count": 12
        }
    ],
    "day": [
        {
            "id": "61567380487188",
            "count": 12
        }
    ],
    "time": 1,
    "last": {
        "time": 6,
        "day": [
            {
                "id": "61567380487188",
                "count": 0
            }
        ],
        "week": [
            {
                "id": "61567380487188",
                "count": 0
            }
        ]
    }
}