{
    "total": [
        {
            "id": "509484270",
            "count": 142
        },
        {
            "id": "100061160525111",
            "count": 0
        },
        {
            "id": "100004854283037",
            "count": 45
        },
        {
            "id": "100092474333705",
            "count": 5
        },
        {
            "id": "100091738788586",
            "count": 2
        },
        {
            "id": "61557452279525",
            "count": 0
        },
        {
            "id": "100088241739223",
            "count": 0
        },
        {
            "id": "100000264111892",
            "count": 62
        },
        {
            "id": "1429451704",
            "count": 3
        },
        {
            "id": "100024487176902",
            "count": 1
        },
        {
            "id": "61552776494105",
            "count": 0
        },
        {
            "id": "100075046016427",
            "count": 0
        },
        {
            "id": "100072191102822",
            "count": 0
        },
        {
            "id": "100079132493558",
            "count": 1
        },
        {
            "id": "100081680783009",
            "count": 3
        },
        {
            "id": "100052642507538",
            "count": 0
        },
        {
            "id": "100040761302134",
            "count": 0
        },
        {
            "id": "100069864945865",
            "count": 0
        },
        {
            "id": "100075342186524",
            "count": 0
        },
        {
            "id": "100079577807941",
            "count": 0
        },
        {
            "id": "61576380160547",
            "count": 29
        },
        {
            "id": "61574544987224",
            "count": 2
        },
        {
            "id": "100035421814099",
            "count": 0
        },
        {
            "id": "100048286966787",
            "count": 27
        },
        {
            "id": "1270787329",
            "count": 56
        },
        {
            "id": "100067827494573",
            "count": 7
        },
        {
            "id": "100000493975005",
            "count": 95
        },
        {
            "id": "61550528673840",
            "count": 7
        },
        {
            "id": "61575877653697",
            "count": 0
        },
        {
            "id": "61568443432899",
            "count": 0
        },
        {
            "id": "61571492513069",
            "count": 2
        },
        {
            "id": "100055646286887",
            "count": 0
        },
        {
            "id": "100093434798663",
            "count": 0
        },
        {
            "id": "100051439970359",
            "count": 0
        },
        {
            "id": "100002896167413",
            "count": 0
        },
        {
            "id": "100080280230629",
            "count": 2
        },
        {
            "id": "100048033791608",
            "count": 1
        },
        {
            "id": "61556821182282",
            "count": 0
        },
        {
            "id": "61555015060828",
            "count": 0
        },
        {
            "id": "100082605747368",
            "count": 0
        },
        {
            "id": "100056204041775",
            "count": 1
        },
        {
            "id": "61572250255278",
            "count": 0
        },
        {
            "id": "61551202621743",
            "count": 31
        },
        {
            "id": "100071132537313",
            "count": 0
        },
        {
            "id": "100088286371303",
            "count": 9
        },
        {
            "id": "61569096448142",
            "count": 0
        },
        {
            "id": "1809148173",
            "count": 75
        },
        {
            "id": "100084787853256",
            "count": 0
        },
        {
            "id": "61571284143128",
            "count": 0
        },
        {
            "id": "61571035713804",
            "count": 0
        },
        {
            "id": "61567304669782",
            "count": 0
        },
        {
            "id": "100094629826721",
            "count": 188
        },
        {
            "id": "1618411211",
            "count": 0
        },
        {
            "id": "100091659336073",
            "count": 0
        },
        {
            "id": "61557926310385",
            "count": 15
        },
        {
            "id": "1247419593",
            "count": 38
        },
        {
            "id": "100024871212620",
            "count": 35
        },
        {
            "id": "61573179532897",
            "count": 0
        },
        {
            "id": "61576847171850",
            "count": 52
        },
        {
            "id": "61563763283847",
            "count": 0
        },
        {
            "id": "100061172506707",
            "count": 3
        },
        {
            "id": "1831058374",
            "count": 0
        },
        {
            "id": "100015708247902",
            "count": 1
        },
        {
            "id": "668627454",
            "count": 0
        },
        {
            "id": "651647356",
            "count": 12
        },
        {
            "id": "100009744612822",
            "count": 0
        },
        {
            "id": "100038050414530",
            "count": 0
        },
        {
            "id": "61577270136203",
            "count": 0
        },
        {
            "id": "100016757713599",
            "count": 39
        },
        {
            "id": "61560299746623",
            "count": 0
        },
        {
            "id": "61573986054035",
            "count": 86
        },
        {
            "id": "100046456190161",
            "count": 0
        },
        {
            "id": "61575999835460",
            "count": 0
        },
        {
            "id": "61575034471403",
            "count": 2
        },
        {
            "id": "61577342549582",
            "count": 0
        },
        {
            "id": "100038946913086",
            "count": 11
        },
        {
            "id": "61577237682252",
            "count": 0
        },
        {
            "id": "100087753891879",
            "count": 1
        },
        {
            "id": "100034255932020",
            "count": 0
        },
        {
            "id": "100060523696552",
            "count": 0
        },
        {
            "id": "100086033984335",
            "count": 1
        },
        {
            "id": "100067508386723",
            "count": 120
        },
        {
            "id": "61573025903295",
            "count": 93
        },
        {
            "id": "61561400514605",
            "count": 28
        },
        {
            "id": "100077870917015",
            "count": 0
        },
        {
            "id": "100088316225096",
            "count": 11
        },
        {
            "id": "61559676777397",
            "count": 0
        },
        {
            "id": "61576606696030",
            "count": 22
        },
        {
            "id": "100063600331393",
            "count": 1
        },
        {
            "id": "100072696458960",
            "count": 0
        },
        {
            "id": "100011072562872",
            "count": 0
        },
        {
            "id": "61557329604394",
            "count": 1
        },
        {
            "id": "100077669972685",
            "count": 0
        },
        {
            "id": "100008522174196",
            "count": 0
        },
        {
            "id": "61577301731802",
            "count": 1
        },
        {
            "id": "61575792516984",
            "count": 0
        },
        {
            "id": "61577725793265",
            "count": 0
        },
        {
            "id": "61559545041478",
            "count": 3
        },
        {
            "id": "61572135665820",
            "count": 98
        },
        {
            "id": "502275138",
            "count": 239
        },
        {
            "id": "100051306214230",
            "count": 87
        },
        {
            "id": "689881635",
            "count": 4
        },
        {
            "id": "100001278063676",
            "count": 0
        },
        {
            "id": "100012645975748",
            "count": 2
        },
        {
            "id": "100082208221910",
            "count": 17
        },
        {
            "id": "100053728088769",
            "count": 11
        },
        {
            "id": "733895642",
            "count": 0
        }
    ],
    "week": [
        {
            "id": "509484270",
            "count": 142
        },
        {
            "id": "100061160525111",
            "count": 0
        },
        {
            "id": "100004854283037",
            "count": 45
        },
        {
            "id": "100092474333705",
            "count": 5
        },
        {
            "id": "100091738788586",
            "count": 2
        },
        {
            "id": "61557452279525",
            "count": 0
        },
        {
            "id": "100088241739223",
            "count": 0
        },
        {
            "id": "100000264111892",
            "count": 62
        },
        {
            "id": "1429451704",
            "count": 3
        },
        {
            "id": "100024487176902",
            "count": 1
        },
        {
            "id": "61552776494105",
            "count": 0
        },
        {
            "id": "100075046016427",
            "count": 0
        },
        {
            "id": "100072191102822",
            "count": 0
        },
        {
            "id": "100079132493558",
            "count": 1
        },
        {
            "id": "100081680783009",
            "count": 3
        },
        {
            "id": "100052642507538",
            "count": 0
        },
        {
            "id": "100040761302134",
            "count": 0
        },
        {
            "id": "100069864945865",
            "count": 0
        },
        {
            "id": "100075342186524",
            "count": 0
        },
        {
            "id": "100079577807941",
            "count": 0
        },
        {
            "id": "61576380160547",
            "count": 29
        },
        {
            "id": "61574544987224",
            "count": 2
        },
        {
            "id": "100035421814099",
            "count": 0
        },
        {
            "id": "100048286966787",
            "count": 27
        },
        {
            "id": "1270787329",
            "count": 56
        },
        {
            "id": "100067827494573",
            "count": 7
        },
        {
            "id": "100000493975005",
            "count": 95
        },
        {
            "id": "61550528673840",
            "count": 7
        },
        {
            "id": "61575877653697",
            "count": 0
        },
        {
            "id": "61568443432899",
            "count": 0
        },
        {
            "id": "61571492513069",
            "count": 2
        },
        {
            "id": "100055646286887",
            "count": 0
        },
        {
            "id": "100093434798663",
            "count": 0
        },
        {
            "id": "100051439970359",
            "count": 0
        },
        {
            "id": "100002896167413",
            "count": 0
        },
        {
            "id": "100080280230629",
            "count": 2
        },
        {
            "id": "100048033791608",
            "count": 1
        },
        {
            "id": "61556821182282",
            "count": 0
        },
        {
            "id": "61555015060828",
            "count": 0
        },
        {
            "id": "100082605747368",
            "count": 0
        },
        {
            "id": "100056204041775",
            "count": 1
        },
        {
            "id": "61572250255278",
            "count": 0
        },
        {
            "id": "61551202621743",
            "count": 31
        },
        {
            "id": "100071132537313",
            "count": 0
        },
        {
            "id": "100088286371303",
            "count": 9
        },
        {
            "id": "61569096448142",
            "count": 0
        },
        {
            "id": "1809148173",
            "count": 75
        },
        {
            "id": "100084787853256",
            "count": 0
        },
        {
            "id": "61571284143128",
            "count": 0
        },
        {
            "id": "61571035713804",
            "count": 0
        },
        {
            "id": "61567304669782",
            "count": 0
        },
        {
            "id": "100094629826721",
            "count": 188
        },
        {
            "id": "1618411211",
            "count": 0
        },
        {
            "id": "100091659336073",
            "count": 0
        },
        {
            "id": "61557926310385",
            "count": 15
        },
        {
            "id": "1247419593",
            "count": 38
        },
        {
            "id": "100024871212620",
            "count": 35
        },
        {
            "id": "61573179532897",
            "count": 0
        },
        {
            "id": "61576847171850",
            "count": 52
        },
        {
            "id": "61563763283847",
            "count": 0
        },
        {
            "id": "100061172506707",
            "count": 3
        },
        {
            "id": "1831058374",
            "count": 0
        },
        {
            "id": "100015708247902",
            "count": 1
        },
        {
            "id": "668627454",
            "count": 0
        },
        {
            "id": "651647356",
            "count": 12
        },
        {
            "id": "100009744612822",
            "count": 0
        },
        {
            "id": "100038050414530",
            "count": 0
        },
        {
            "id": "61577270136203",
            "count": 0
        },
        {
            "id": "100016757713599",
            "count": 39
        },
        {
            "id": "61560299746623",
            "count": 0
        },
        {
            "id": "61573986054035",
            "count": 86
        },
        {
            "id": "100046456190161",
            "count": 0
        },
        {
            "id": "61575999835460",
            "count": 0
        },
        {
            "id": "61575034471403",
            "count": 2
        },
        {
            "id": "61577342549582",
            "count": 0
        },
        {
            "id": "100038946913086",
            "count": 11
        },
        {
            "id": "61577237682252",
            "count": 0
        },
        {
            "id": "100087753891879",
            "count": 1
        },
        {
            "id": "100034255932020",
            "count": 0
        },
        {
            "id": "100060523696552",
            "count": 0
        },
        {
            "id": "100086033984335",
            "count": 1
        },
        {
            "id": "100067508386723",
            "count": 120
        },
        {
            "id": "61573025903295",
            "count": 93
        },
        {
            "id": "61561400514605",
            "count": 28
        },
        {
            "id": "100077870917015",
            "count": 0
        },
        {
            "id": "100088316225096",
            "count": 11
        },
        {
            "id": "61559676777397",
            "count": 0
        },
        {
            "id": "61576606696030",
            "count": 22
        },
        {
            "id": "100063600331393",
            "count": 1
        },
        {
            "id": "100072696458960",
            "count": 0
        },
        {
            "id": "100011072562872",
            "count": 0
        },
        {
            "id": "61557329604394",
            "count": 1
        },
        {
            "id": "100077669972685",
            "count": 0
        },
        {
            "id": "100008522174196",
            "count": 0
        },
        {
            "id": "61577301731802",
            "count": 1
        },
        {
            "id": "61575792516984",
            "count": 0
        },
        {
            "id": "61577725793265",
            "count": 0
        },
        {
            "id": "61559545041478",
            "count": 3
        },
        {
            "id": "61572135665820",
            "count": 98
        },
        {
            "id": "502275138",
            "count": 239
        },
        {
            "id": "100051306214230",
            "count": 87
        },
        {
            "id": "689881635",
            "count": 4
        },
        {
            "id": "100001278063676",
            "count": 0
        },
        {
            "id": "100012645975748",
            "count": 2
        },
        {
            "id": "100082208221910",
            "count": 17
        },
        {
            "id": "100053728088769",
            "count": 11
        },
        {
            "id": "733895642",
            "count": 0
        }
    ],
    "day": [
        {
            "id": "509484270",
            "count": 142
        },
        {
            "id": "100061160525111",
            "count": 0
        },
        {
            "id": "100004854283037",
            "count": 45
        },
        {
            "id": "100092474333705",
            "count": 5
        },
        {
            "id": "100091738788586",
            "count": 2
        },
        {
            "id": "61557452279525",
            "count": 0
        },
        {
            "id": "100088241739223",
            "count": 0
        },
        {
            "id": "100000264111892",
            "count": 62
        },
        {
            "id": "1429451704",
            "count": 3
        },
        {
            "id": "100024487176902",
            "count": 1
        },
        {
            "id": "61552776494105",
            "count": 0
        },
        {
            "id": "100075046016427",
            "count": 0
        },
        {
            "id": "100072191102822",
            "count": 0
        },
        {
            "id": "100079132493558",
            "count": 1
        },
        {
            "id": "100081680783009",
            "count": 3
        },
        {
            "id": "100052642507538",
            "count": 0
        },
        {
            "id": "100040761302134",
            "count": 0
        },
        {
            "id": "100069864945865",
            "count": 0
        },
        {
            "id": "100075342186524",
            "count": 0
        },
        {
            "id": "100079577807941",
            "count": 0
        },
        {
            "id": "61576380160547",
            "count": 29
        },
        {
            "id": "61574544987224",
            "count": 2
        },
        {
            "id": "100035421814099",
            "count": 0
        },
        {
            "id": "100048286966787",
            "count": 27
        },
        {
            "id": "1270787329",
            "count": 56
        },
        {
            "id": "100067827494573",
            "count": 7
        },
        {
            "id": "100000493975005",
            "count": 95
        },
        {
            "id": "61550528673840",
            "count": 7
        },
        {
            "id": "61575877653697",
            "count": 0
        },
        {
            "id": "61568443432899",
            "count": 0
        },
        {
            "id": "61571492513069",
            "count": 2
        },
        {
            "id": "100055646286887",
            "count": 0
        },
        {
            "id": "100093434798663",
            "count": 0
        },
        {
            "id": "100051439970359",
            "count": 0
        },
        {
            "id": "100002896167413",
            "count": 0
        },
        {
            "id": "100080280230629",
            "count": 2
        },
        {
            "id": "100048033791608",
            "count": 1
        },
        {
            "id": "61556821182282",
            "count": 0
        },
        {
            "id": "61555015060828",
            "count": 0
        },
        {
            "id": "100082605747368",
            "count": 0
        },
        {
            "id": "100056204041775",
            "count": 1
        },
        {
            "id": "61572250255278",
            "count": 0
        },
        {
            "id": "61551202621743",
            "count": 31
        },
        {
            "id": "100071132537313",
            "count": 0
        },
        {
            "id": "100088286371303",
            "count": 9
        },
        {
            "id": "61569096448142",
            "count": 0
        },
        {
            "id": "1809148173",
            "count": 75
        },
        {
            "id": "100084787853256",
            "count": 0
        },
        {
            "id": "61571284143128",
            "count": 0
        },
        {
            "id": "61571035713804",
            "count": 0
        },
        {
            "id": "61567304669782",
            "count": 0
        },
        {
            "id": "100094629826721",
            "count": 188
        },
        {
            "id": "1618411211",
            "count": 0
        },
        {
            "id": "100091659336073",
            "count": 0
        },
        {
            "id": "61557926310385",
            "count": 15
        },
        {
            "id": "1247419593",
            "count": 38
        },
        {
            "id": "100024871212620",
            "count": 35
        },
        {
            "id": "61573179532897",
            "count": 0
        },
        {
            "id": "61576847171850",
            "count": 52
        },
        {
            "id": "61563763283847",
            "count": 0
        },
        {
            "id": "100061172506707",
            "count": 3
        },
        {
            "id": "1831058374",
            "count": 0
        },
        {
            "id": "100015708247902",
            "count": 1
        },
        {
            "id": "668627454",
            "count": 0
        },
        {
            "id": "651647356",
            "count": 12
        },
        {
            "id": "100009744612822",
            "count": 0
        },
        {
            "id": "100038050414530",
            "count": 0
        },
        {
            "id": "61577270136203",
            "count": 0
        },
        {
            "id": "100016757713599",
            "count": 39
        },
        {
            "id": "61560299746623",
            "count": 0
        },
        {
            "id": "61573986054035",
            "count": 86
        },
        {
            "id": "100046456190161",
            "count": 0
        },
        {
            "id": "61575999835460",
            "count": 0
        },
        {
            "id": "61575034471403",
            "count": 2
        },
        {
            "id": "61577342549582",
            "count": 0
        },
        {
            "id": "100038946913086",
            "count": 11
        },
        {
            "id": "61577237682252",
            "count": 0
        },
        {
            "id": "100087753891879",
            "count": 1
        },
        {
            "id": "100034255932020",
            "count": 0
        },
        {
            "id": "100060523696552",
            "count": 0
        },
        {
            "id": "100086033984335",
            "count": 1
        },
        {
            "id": "100067508386723",
            "count": 120
        },
        {
            "id": "61573025903295",
            "count": 93
        },
        {
            "id": "61561400514605",
            "count": 28
        },
        {
            "id": "100077870917015",
            "count": 0
        },
        {
            "id": "100088316225096",
            "count": 11
        },
        {
            "id": "61559676777397",
            "count": 0
        },
        {
            "id": "61576606696030",
            "count": 22
        },
        {
            "id": "100063600331393",
            "count": 1
        },
        {
            "id": "100072696458960",
            "count": 0
        },
        {
            "id": "100011072562872",
            "count": 0
        },
        {
            "id": "61557329604394",
            "count": 1
        },
        {
            "id": "100077669972685",
            "count": 0
        },
        {
            "id": "100008522174196",
            "count": 0
        },
        {
            "id": "61577301731802",
            "count": 1
        },
        {
            "id": "61575792516984",
            "count": 0
        },
        {
            "id": "61577725793265",
            "count": 0
        },
        {
            "id": "61559545041478",
            "count": 3
        },
        {
            "id": "61572135665820",
            "count": 98
        },
        {
            "id": "502275138",
            "count": 239
        },
        {
            "id": "100051306214230",
            "count": 87
        },
        {
            "id": "689881635",
            "count": 4
        },
        {
            "id": "100001278063676",
            "count": 0
        },
        {
            "id": "100012645975748",
            "count": 2
        },
        {
            "id": "100082208221910",
            "count": 17
        },
        {
            "id": "100053728088769",
            "count": 11
        },
        {
            "id": "733895642",
            "count": 0
        }
    ],
    "time": 1,
    "last": {
        "time": 1,
        "day": [
            {
                "id": "509484270",
                "count": 0
            },
            {
                "id": "100061160525111",
                "count": 0
            },
            {
                "id": "100004854283037",
                "count": 0
            },
            {
                "id": "100092474333705",
                "count": 0
            },
            {
                "id": "100091738788586",
                "count": 0
            },
            {
                "id": "61557452279525",
                "count": 0
            },
            {
                "id": "100088241739223",
                "count": 0
            },
            {
                "id": "100000264111892",
                "count": 0
            },
            {
                "id": "1429451704",
                "count": 0
            },
            {
                "id": "100024487176902",
                "count": 0
            },
            {
                "id": "61552776494105",
                "count": 0
            },
            {
                "id": "100075046016427",
                "count": 0
            },
            {
                "id": "100072191102822",
                "count": 0
            },
            {
                "id": "100079132493558",
                "count": 0
            },
            {
                "id": "100081680783009",
                "count": 0
            },
            {
                "id": "100052642507538",
                "count": 0
            },
            {
                "id": "100040761302134",
                "count": 0
            },
            {
                "id": "100069864945865",
                "count": 0
            },
            {
                "id": "100075342186524",
                "count": 0
            },
            {
                "id": "100079577807941",
                "count": 0
            },
            {
                "id": "61576380160547",
                "count": 0
            },
            {
                "id": "61574544987224",
                "count": 0
            },
            {
                "id": "100035421814099",
                "count": 0
            },
            {
                "id": "100048286966787",
                "count": 0
            },
            {
                "id": "1270787329",
                "count": 0
            },
            {
                "id": "100067827494573",
                "count": 0
            },
            {
                "id": "100000493975005",
                "count": 0
            },
            {
                "id": "61550528673840",
                "count": 0
            },
            {
                "id": "61575877653697",
                "count": 0
            },
            {
                "id": "61568443432899",
                "count": 0
            },
            {
                "id": "61571492513069",
                "count": 0
            },
            {
                "id": "100055646286887",
                "count": 0
            },
            {
                "id": "100093434798663",
                "count": 0
            },
            {
                "id": "100051439970359",
                "count": 0
            },
            {
                "id": "100002896167413",
                "count": 0
            },
            {
                "id": "100080280230629",
                "count": 0
            },
            {
                "id": "100048033791608",
                "count": 0
            },
            {
                "id": "61556821182282",
                "count": 0
            },
            {
                "id": "61555015060828",
                "count": 0
            },
            {
                "id": "100082605747368",
                "count": 0
            },
            {
                "id": "100056204041775",
                "count": 0
            },
            {
                "id": "61572250255278",
                "count": 0
            },
            {
                "id": "61551202621743",
                "count": 0
            },
            {
                "id": "100071132537313",
                "count": 0
            },
            {
                "id": "100088286371303",
                "count": 0
            },
            {
                "id": "61569096448142",
                "count": 0
            },
            {
                "id": "1809148173",
                "count": 0
            },
            {
                "id": "100084787853256",
                "count": 0
            },
            {
                "id": "61571284143128",
                "count": 0
            },
            {
                "id": "61571035713804",
                "count": 0
            },
            {
                "id": "61567304669782",
                "count": 0
            },
            {
                "id": "100094629826721",
                "count": 0
            },
            {
                "id": "1618411211",
                "count": 0
            },
            {
                "id": "100091659336073",
                "count": 0
            },
            {
                "id": "61557926310385",
                "count": 0
            },
            {
                "id": "1247419593",
                "count": 0
            },
            {
                "id": "100024871212620",
                "count": 0
            },
            {
                "id": "61573179532897",
                "count": 0
            },
            {
                "id": "61576847171850",
                "count": 0
            },
            {
                "id": "61563763283847",
                "count": 0
            },
            {
                "id": "100061172506707",
                "count": 0
            },
            {
                "id": "1831058374",
                "count": 0
            },
            {
                "id": "100015708247902",
                "count": 0
            },
            {
                "id": "668627454",
                "count": 0
            },
            {
                "id": "651647356",
                "count": 0
            },
            {
                "id": "100009744612822",
                "count": 0
            },
            {
                "id": "100038050414530",
                "count": 0
            },
            {
                "id": "61577270136203",
                "count": 0
            },
            {
                "id": "100016757713599",
                "count": 0
            },
            {
                "id": "61560299746623",
                "count": 0
            },
            {
                "id": "61573986054035",
                "count": 0
            },
            {
                "id": "100046456190161",
                "count": 0
            },
            {
                "id": "61575999835460",
                "count": 0
            },
            {
                "id": "61575034471403",
                "count": 0
            },
            {
                "id": "61577342549582",
                "count": 0
            },
            {
                "id": "100038946913086",
                "count": 0
            },
            {
                "id": "61577237682252",
                "count": 0
            },
            {
                "id": "100087753891879",
                "count": 0
            },
            {
                "id": "100034255932020",
                "count": 0
            },
            {
                "id": "100060523696552",
                "count": 0
            },
            {
                "id": "61563906764722",
                "count": 0
            },
            {
                "id": "61577597250463",
                "count": 0
            },
            {
                "id": "100086033984335",
                "count": 0
            },
            {
                "id": "100067508386723",
                "count": 0
            },
            {
                "id": "61573025903295",
                "count": 0
            },
            {
                "id": "61561400514605",
                "count": 0
            },
            {
                "id": "100077870917015",
                "count": 0
            },
            {
                "id": "100088316225096",
                "count": 0
            },
            {
                "id": "61559676777397",
                "count": 0
            },
            {
                "id": "61576606696030",
                "count": 0
            },
            {
                "id": "100063600331393",
                "count": 0
            },
            {
                "id": "100072696458960",
                "count": 0
            },
            {
                "id": "100011072562872",
                "count": 0
            },
            {
                "id": "61557329604394",
                "count": 0
            },
            {
                "id": "100077669972685",
                "count": 0
            },
            {
                "id": "100008522174196",
                "count": 0
            },
            {
                "id": "61577301731802",
                "count": 0
            },
            {
                "id": "61575792516984",
                "count": 0
            },
            {
                "id": "61577725793265",
                "count": 0
            },
            {
                "id": "61559545041478",
                "count": 0
            },
            {
                "id": "100047733071865",
                "count": 0
            },
            {
                "id": "61572135665820",
                "count": 0
            },
            {
                "id": "502275138",
                "count": 0
            },
            {
                "id": "100051306214230",
                "count": 0
            },
            {
                "id": "689881635",
                "count": 0
            },
            {
                "id": "100001278063676",
                "count": 0
            },
            {
                "id": "100012645975748",
                "count": 0
            },
            {
                "id": "100082208221910",
                "count": 0
            },
            {
                "id": "100053728088769",
                "count": 0
            },
            {
                "id": "733895642",
                "count": 0
            }
        ],
        "week": [
            {
                "id": "509484270",
                "count": 0
            },
            {
                "id": "100061160525111",
                "count": 0
            },
            {
                "id": "100004854283037",
                "count": 0
            },
            {
                "id": "100092474333705",
                "count": 0
            },
            {
                "id": "100091738788586",
                "count": 0
            },
            {
                "id": "61557452279525",
                "count": 0
            },
            {
                "id": "100088241739223",
                "count": 0
            },
            {
                "id": "100000264111892",
                "count": 0
            },
            {
                "id": "1429451704",
                "count": 0
            },
            {
                "id": "100024487176902",
                "count": 0
            },
            {
                "id": "61552776494105",
                "count": 0
            },
            {
                "id": "100075046016427",
                "count": 0
            },
            {
                "id": "100072191102822",
                "count": 0
            },
            {
                "id": "100079132493558",
                "count": 0
            },
            {
                "id": "100081680783009",
                "count": 0
            },
            {
                "id": "100052642507538",
                "count": 0
            },
            {
                "id": "100040761302134",
                "count": 0
            },
            {
                "id": "100069864945865",
                "count": 0
            },
            {
                "id": "100075342186524",
                "count": 0
            },
            {
                "id": "100079577807941",
                "count": 0
            },
            {
                "id": "61576380160547",
                "count": 0
            },
            {
                "id": "61574544987224",
                "count": 0
            },
            {
                "id": "100035421814099",
                "count": 0
            },
            {
                "id": "100048286966787",
                "count": 0
            },
            {
                "id": "1270787329",
                "count": 0
            },
            {
                "id": "100067827494573",
                "count": 0
            },
            {
                "id": "100000493975005",
                "count": 0
            },
            {
                "id": "61550528673840",
                "count": 0
            },
            {
                "id": "61575877653697",
                "count": 0
            },
            {
                "id": "61568443432899",
                "count": 0
            },
            {
                "id": "61571492513069",
                "count": 0
            },
            {
                "id": "100055646286887",
                "count": 0
            },
            {
                "id": "100093434798663",
                "count": 0
            },
            {
                "id": "100051439970359",
                "count": 0
            },
            {
                "id": "100002896167413",
                "count": 0
            },
            {
                "id": "100080280230629",
                "count": 0
            },
            {
                "id": "100048033791608",
                "count": 0
            },
            {
                "id": "61556821182282",
                "count": 0
            },
            {
                "id": "61555015060828",
                "count": 0
            },
            {
                "id": "100082605747368",
                "count": 0
            },
            {
                "id": "100056204041775",
                "count": 0
            },
            {
                "id": "61572250255278",
                "count": 0
            },
            {
                "id": "61551202621743",
                "count": 0
            },
            {
                "id": "100071132537313",
                "count": 0
            },
            {
                "id": "100088286371303",
                "count": 0
            },
            {
                "id": "61569096448142",
                "count": 0
            },
            {
                "id": "1809148173",
                "count": 0
            },
            {
                "id": "100084787853256",
                "count": 0
            },
            {
                "id": "61571284143128",
                "count": 0
            },
            {
                "id": "61571035713804",
                "count": 0
            },
            {
                "id": "61567304669782",
                "count": 0
            },
            {
                "id": "100094629826721",
                "count": 0
            },
            {
                "id": "1618411211",
                "count": 0
            },
            {
                "id": "100091659336073",
                "count": 0
            },
            {
                "id": "61557926310385",
                "count": 0
            },
            {
                "id": "1247419593",
                "count": 0
            },
            {
                "id": "100024871212620",
                "count": 0
            },
            {
                "id": "61573179532897",
                "count": 0
            },
            {
                "id": "61576847171850",
                "count": 0
            },
            {
                "id": "61563763283847",
                "count": 0
            },
            {
                "id": "100061172506707",
                "count": 0
            },
            {
                "id": "1831058374",
                "count": 0
            },
            {
                "id": "100015708247902",
                "count": 0
            },
            {
                "id": "668627454",
                "count": 0
            },
            {
                "id": "651647356",
                "count": 0
            },
            {
                "id": "100009744612822",
                "count": 0
            },
            {
                "id": "100038050414530",
                "count": 0
            },
            {
                "id": "61577270136203",
                "count": 0
            },
            {
                "id": "100016757713599",
                "count": 0
            },
            {
                "id": "61560299746623",
                "count": 0
            },
            {
                "id": "61573986054035",
                "count": 0
            },
            {
                "id": "100046456190161",
                "count": 0
            },
            {
                "id": "61575999835460",
                "count": 0
            },
            {
                "id": "61575034471403",
                "count": 0
            },
            {
                "id": "61577342549582",
                "count": 0
            },
            {
                "id": "100038946913086",
                "count": 0
            },
            {
                "id": "61577237682252",
                "count": 0
            },
            {
                "id": "100087753891879",
                "count": 0
            },
            {
                "id": "100034255932020",
                "count": 0
            },
            {
                "id": "100060523696552",
                "count": 0
            },
            {
                "id": "61563906764722",
                "count": 0
            },
            {
                "id": "61577597250463",
                "count": 0
            },
            {
                "id": "100086033984335",
                "count": 0
            },
            {
                "id": "100067508386723",
                "count": 0
            },
            {
                "id": "61573025903295",
                "count": 0
            },
            {
                "id": "61561400514605",
                "count": 0
            },
            {
                "id": "100077870917015",
                "count": 0
            },
            {
                "id": "100088316225096",
                "count": 0
            },
            {
                "id": "61559676777397",
                "count": 0
            },
            {
                "id": "61576606696030",
                "count": 0
            },
            {
                "id": "100063600331393",
                "count": 0
            },
            {
                "id": "100072696458960",
                "count": 0
            },
            {
                "id": "100011072562872",
                "count": 0
            },
            {
                "id": "61557329604394",
                "count": 0
            },
            {
                "id": "100077669972685",
                "count": 0
            },
            {
                "id": "100008522174196",
                "count": 0
            },
            {
                "id": "61577301731802",
                "count": 0
            },
            {
                "id": "61575792516984",
                "count": 0
            },
            {
                "id": "61577725793265",
                "count": 0
            },
            {
                "id": "61559545041478",
                "count": 0
            },
            {
                "id": "100047733071865",
                "count": 0
            },
            {
                "id": "61572135665820",
                "count": 0
            },
            {
                "id": "502275138",
                "count": 0
            },
            {
                "id": "100051306214230",
                "count": 0
            },
            {
                "id": "689881635",
                "count": 0
            },
            {
                "id": "100001278063676",
                "count": 0
            },
            {
                "id": "100012645975748",
                "count": 0
            },
            {
                "id": "100082208221910",
                "count": 0
            },
            {
                "id": "100053728088769",
                "count": 0
            },
            {
                "id": "733895642",
                "count": 0
            }
        ]
    }
}