{
    "total": [
        {
            "id": "61552347891309",
            "count": 0
        },
        {
            "id": "100075791937751",
            "count": 0
        },
        {
            "id": "100089100732793",
            "count": 0
        },
        {
            "id": "100051807154433",
            "count": 0
        },
        {
            "id": "61562436296217",
            "count": 0
        },
        {
            "id": "61561210210803",
            "count": 0
        },
        {
            "id": "61557030560724",
            "count": 0
        },
        {
            "id": "61561861201237",
            "count": 0
        },
        {
            "id": "61567773567149",
            "count": 0
        },
        {
            "id": "61565691278858",
            "count": 0
        },
        {
            "id": "100090460554307",
            "count": 0
        },
        {
            "id": "100048776088319",
            "count": 0
        },
        {
            "id": "61572635626253",
            "count": 0
        },
        {
            "id": "100069765397414",
            "count": 0
        },
        {
            "id": "61564321681270",
            "count": 0
        },
        {
            "id": "61573686801413",
            "count": 0
        },
        {
            "id": "100056905149706",
            "count": 0
        },
        {
            "id": "61574687854614",
            "count": 0
        },
        {
            "id": "61573179532897",
            "count": 0
        },
        {
            "id": "100094131483536",
            "count": 0
        },
        {
            "id": "61567929985232",
            "count": 0
        },
        {
            "id": "61556912219207",
            "count": 1
        },
        {
            "id": "100044466013913",
            "count": 0
        },
        {
            "id": "100093529070969",
            "count": 0
        },
        {
            "id": "61563919972871",
            "count": 0
        },
        {
            "id": "61569135487537",
            "count": 0
        },
        {
            "id": "61551758342322",
            "count": 0
        },
        {
            "id": "100048693720622",
            "count": 0
        },
        {
            "id": "100072073582475",
            "count": 0
        },
        {
            "id": "100053338500060",
            "count": 4
        },
        {
            "id": "100047523995405",
            "count": 0
        },
        {
            "id": "100049563414169",
            "count": 0
        },
        {
            "id": "100068278650814",
            "count": 0
        },
        {
            "id": "100089373540307",
            "count": 0
        },
        {
            "id": "100026829480360",
            "count": 0
        },
        {
            "id": "100074879021480",
            "count": 0
        },
        {
            "id": "100056953342521",
            "count": 1
        },
        {
            "id": "61555192373970",
            "count": 0
        },
        {
            "id": "61553670211995",
            "count": 0
        },
        {
            "id": "100070806217485",
            "count": 0
        },
        {
            "id": "100089849841226",
            "count": 0
        },
        {
            "id": "100052113490128",
            "count": 0
        },
        {
            "id": "100049226680870",
            "count": 0
        },
        {
            "id": "61565898321580",
            "count": 0
        },
        {
            "id": "61554265797261",
            "count": 0
        },
        {
            "id": "61570496100333",
            "count": 0
        },
        {
            "id": "61576989847052",
            "count": 0
        },
        {
            "id": "61576847171850",
            "count": 1
        },
        {
            "id": "61571813927490",
            "count": 1
        },
        {
            "id": "100068057324020",
            "count": 1
        },
        {
            "id": "61551671622880",
            "count": 1
        },
        {
            "id": "100074047555649",
            "count": 0
        }
    ],
    "week": [
        {
            "id": "61552347891309",
            "count": 0
        },
        {
            "id": "100075791937751",
            "count": 0
        },
        {
            "id": "100089100732793",
            "count": 0
        },
        {
            "id": "100051807154433",
            "count": 0
        },
        {
            "id": "61562436296217",
            "count": 0
        },
        {
            "id": "61561210210803",
            "count": 0
        },
        {
            "id": "61557030560724",
            "count": 0
        },
        {
            "id": "61561861201237",
            "count": 0
        },
        {
            "id": "61567773567149",
            "count": 0
        },
        {
            "id": "61565691278858",
            "count": 0
        },
        {
            "id": "100090460554307",
            "count": 0
        },
        {
            "id": "100048776088319",
            "count": 0
        },
        {
            "id": "61572635626253",
            "count": 0
        },
        {
            "id": "100069765397414",
            "count": 0
        },
        {
            "id": "61564321681270",
            "count": 0
        },
        {
            "id": "61573686801413",
            "count": 0
        },
        {
            "id": "100056905149706",
            "count": 0
        },
        {
            "id": "61574687854614",
            "count": 0
        },
        {
            "id": "61573179532897",
            "count": 0
        },
        {
            "id": "100094131483536",
            "count": 0
        },
        {
            "id": "61567929985232",
            "count": 0
        },
        {
            "id": "61556912219207",
            "count": 1
        },
        {
            "id": "100044466013913",
            "count": 0
        },
        {
            "id": "100093529070969",
            "count": 0
        },
        {
            "id": "61563919972871",
            "count": 0
        },
        {
            "id": "61569135487537",
            "count": 0
        },
        {
            "id": "61551758342322",
            "count": 0
        },
        {
            "id": "100048693720622",
            "count": 0
        },
        {
            "id": "100072073582475",
            "count": 0
        },
        {
            "id": "100053338500060",
            "count": 4
        },
        {
            "id": "100047523995405",
            "count": 0
        },
        {
            "id": "100049563414169",
            "count": 0
        },
        {
            "id": "100068278650814",
            "count": 0
        },
        {
            "id": "100089373540307",
            "count": 0
        },
        {
            "id": "100026829480360",
            "count": 0
        },
        {
            "id": "100074879021480",
            "count": 0
        },
        {
            "id": "100056953342521",
            "count": 1
        },
        {
            "id": "61555192373970",
            "count": 0
        },
        {
            "id": "61553670211995",
            "count": 0
        },
        {
            "id": "100070806217485",
            "count": 0
        },
        {
            "id": "100089849841226",
            "count": 0
        },
        {
            "id": "100052113490128",
            "count": 0
        },
        {
            "id": "100049226680870",
            "count": 0
        },
        {
            "id": "61565898321580",
            "count": 0
        },
        {
            "id": "61554265797261",
            "count": 0
        },
        {
            "id": "61570496100333",
            "count": 0
        },
        {
            "id": "61576989847052",
            "count": 0
        },
        {
            "id": "61576847171850",
            "count": 1
        },
        {
            "id": "61571813927490",
            "count": 1
        },
        {
            "id": "100068057324020",
            "count": 1
        },
        {
            "id": "61551671622880",
            "count": 1
        },
        {
            "id": "100074047555649",
            "count": 0
        }
    ],
    "day": [
        {
            "id": "61552347891309",
            "count": 0
        },
        {
            "id": "100075791937751",
            "count": 0
        },
        {
            "id": "100089100732793",
            "count": 0
        },
        {
            "id": "100051807154433",
            "count": 0
        },
        {
            "id": "61562436296217",
            "count": 0
        },
        {
            "id": "61561210210803",
            "count": 0
        },
        {
            "id": "61557030560724",
            "count": 0
        },
        {
            "id": "61561861201237",
            "count": 0
        },
        {
            "id": "61567773567149",
            "count": 0
        },
        {
            "id": "61565691278858",
            "count": 0
        },
        {
            "id": "100090460554307",
            "count": 0
        },
        {
            "id": "100048776088319",
            "count": 0
        },
        {
            "id": "61572635626253",
            "count": 0
        },
        {
            "id": "100069765397414",
            "count": 0
        },
        {
            "id": "61564321681270",
            "count": 0
        },
        {
            "id": "61573686801413",
            "count": 0
        },
        {
            "id": "100056905149706",
            "count": 0
        },
        {
            "id": "61574687854614",
            "count": 0
        },
        {
            "id": "61573179532897",
            "count": 0
        },
        {
            "id": "100094131483536",
            "count": 0
        },
        {
            "id": "61567929985232",
            "count": 0
        },
        {
            "id": "61556912219207",
            "count": 1
        },
        {
            "id": "100044466013913",
            "count": 0
        },
        {
            "id": "100093529070969",
            "count": 0
        },
        {
            "id": "61563919972871",
            "count": 0
        },
        {
            "id": "61569135487537",
            "count": 0
        },
        {
            "id": "61551758342322",
            "count": 0
        },
        {
            "id": "100048693720622",
            "count": 0
        },
        {
            "id": "100072073582475",
            "count": 0
        },
        {
            "id": "100053338500060",
            "count": 4
        },
        {
            "id": "100047523995405",
            "count": 0
        },
        {
            "id": "100049563414169",
            "count": 0
        },
        {
            "id": "100068278650814",
            "count": 0
        },
        {
            "id": "100089373540307",
            "count": 0
        },
        {
            "id": "100026829480360",
            "count": 0
        },
        {
            "id": "100074879021480",
            "count": 0
        },
        {
            "id": "100056953342521",
            "count": 1
        },
        {
            "id": "61555192373970",
            "count": 0
        },
        {
            "id": "61553670211995",
            "count": 0
        },
        {
            "id": "100070806217485",
            "count": 0
        },
        {
            "id": "100089849841226",
            "count": 0
        },
        {
            "id": "100052113490128",
            "count": 0
        },
        {
            "id": "100049226680870",
            "count": 0
        },
        {
            "id": "61565898321580",
            "count": 0
        },
        {
            "id": "61554265797261",
            "count": 0
        },
        {
            "id": "61570496100333",
            "count": 0
        },
        {
            "id": "61576989847052",
            "count": 0
        },
        {
            "id": "61576847171850",
            "count": 1
        },
        {
            "id": "61571813927490",
            "count": 1
        },
        {
            "id": "100068057324020",
            "count": 1
        },
        {
            "id": "61551671622880",
            "count": 1
        },
        {
            "id": "100074047555649",
            "count": 0
        }
    ],
    "time": 1,
    "last": {
        "time": 2,
        "day": [
            {
                "id": "61552347891309",
                "count": 0
            },
            {
                "id": "100075791937751",
                "count": 0
            },
            {
                "id": "100089100732793",
                "count": 0
            },
            {
                "id": "100051807154433",
                "count": 0
            },
            {
                "id": "61562436296217",
                "count": 0
            },
            {
                "id": "61561210210803",
                "count": 0
            },
            {
                "id": "61557030560724",
                "count": 0
            },
            {
                "id": "61561861201237",
                "count": 0
            },
            {
                "id": "61567773567149",
                "count": 0
            },
            {
                "id": "61565691278858",
                "count": 0
            },
            {
                "id": "100090460554307",
                "count": 0
            },
            {
                "id": "100048776088319",
                "count": 0
            },
            {
                "id": "61572635626253",
                "count": 0
            },
            {
                "id": "100069765397414",
                "count": 0
            },
            {
                "id": "61564321681270",
                "count": 0
            },
            {
                "id": "61573686801413",
                "count": 0
            },
            {
                "id": "100056905149706",
                "count": 0
            },
            {
                "id": "61574687854614",
                "count": 0
            },
            {
                "id": "61573179532897",
                "count": 0
            },
            {
                "id": "100094131483536",
                "count": 0
            },
            {
                "id": "61567929985232",
                "count": 0
            },
            {
                "id": "61556912219207",
                "count": 0
            },
            {
                "id": "100044466013913",
                "count": 0
            },
            {
                "id": "100093529070969",
                "count": 0
            },
            {
                "id": "61563919972871",
                "count": 0
            },
            {
                "id": "61569135487537",
                "count": 0
            },
            {
                "id": "61551758342322",
                "count": 0
            },
            {
                "id": "100048693720622",
                "count": 0
            },
            {
                "id": "100072073582475",
                "count": 0
            },
            {
                "id": "100053338500060",
                "count": 0
            },
            {
                "id": "100047523995405",
                "count": 0
            },
            {
                "id": "100049563414169",
                "count": 0
            },
            {
                "id": "100068278650814",
                "count": 0
            },
            {
                "id": "100089373540307",
                "count": 0
            },
            {
                "id": "100026829480360",
                "count": 0
            },
            {
                "id": "100074879021480",
                "count": 0
            },
            {
                "id": "100056953342521",
                "count": 0
            },
            {
                "id": "61555192373970",
                "count": 0
            },
            {
                "id": "61553670211995",
                "count": 0
            },
            {
                "id": "100070806217485",
                "count": 0
            },
            {
                "id": "100089849841226",
                "count": 0
            },
            {
                "id": "100052113490128",
                "count": 0
            },
            {
                "id": "100049226680870",
                "count": 0
            },
            {
                "id": "61565898321580",
                "count": 0
            },
            {
                "id": "61554265797261",
                "count": 0
            },
            {
                "id": "61570496100333",
                "count": 0
            },
            {
                "id": "61576989847052",
                "count": 0
            },
            {
                "id": "61576847171850",
                "count": 0
            },
            {
                "id": "61571813927490",
                "count": 0
            },
            {
                "id": "100068057324020",
                "count": 0
            },
            {
                "id": "61551671622880",
                "count": 0
            },
            {
                "id": "100074047555649",
                "count": 0
            }
        ],
        "week": [
            {
                "id": "61552347891309",
                "count": 0
            },
            {
                "id": "100075791937751",
                "count": 0
            },
            {
                "id": "100089100732793",
                "count": 0
            },
            {
                "id": "100051807154433",
                "count": 0
            },
            {
                "id": "61562436296217",
                "count": 0
            },
            {
                "id": "61561210210803",
                "count": 0
            },
            {
                "id": "61557030560724",
                "count": 0
            },
            {
                "id": "61561861201237",
                "count": 0
            },
            {
                "id": "61567773567149",
                "count": 0
            },
            {
                "id": "61565691278858",
                "count": 0
            },
            {
                "id": "100090460554307",
                "count": 0
            },
            {
                "id": "100048776088319",
                "count": 0
            },
            {
                "id": "61572635626253",
                "count": 0
            },
            {
                "id": "100069765397414",
                "count": 0
            },
            {
                "id": "61564321681270",
                "count": 0
            },
            {
                "id": "61573686801413",
                "count": 0
            },
            {
                "id": "100056905149706",
                "count": 0
            },
            {
                "id": "61574687854614",
                "count": 0
            },
            {
                "id": "61573179532897",
                "count": 0
            },
            {
                "id": "100094131483536",
                "count": 0
            },
            {
                "id": "61567929985232",
                "count": 0
            },
            {
                "id": "61556912219207",
                "count": 0
            },
            {
                "id": "100044466013913",
                "count": 0
            },
            {
                "id": "100093529070969",
                "count": 0
            },
            {
                "id": "61563919972871",
                "count": 0
            },
            {
                "id": "61569135487537",
                "count": 0
            },
            {
                "id": "61551758342322",
                "count": 0
            },
            {
                "id": "100048693720622",
                "count": 0
            },
            {
                "id": "100072073582475",
                "count": 0
            },
            {
                "id": "100053338500060",
                "count": 0
            },
            {
                "id": "100047523995405",
                "count": 0
            },
            {
                "id": "100049563414169",
                "count": 0
            },
            {
                "id": "100068278650814",
                "count": 0
            },
            {
                "id": "100089373540307",
                "count": 0
            },
            {
                "id": "100026829480360",
                "count": 0
            },
            {
                "id": "100074879021480",
                "count": 0
            },
            {
                "id": "100056953342521",
                "count": 0
            },
            {
                "id": "61555192373970",
                "count": 0
            },
            {
                "id": "61553670211995",
                "count": 0
            },
            {
                "id": "100070806217485",
                "count": 0
            },
            {
                "id": "100089849841226",
                "count": 0
            },
            {
                "id": "100052113490128",
                "count": 0
            },
            {
                "id": "100049226680870",
                "count": 0
            },
            {
                "id": "61565898321580",
                "count": 0
            },
            {
                "id": "61554265797261",
                "count": 0
            },
            {
                "id": "61570496100333",
                "count": 0
            },
            {
                "id": "61576989847052",
                "count": 0
            },
            {
                "id": "61576847171850",
                "count": 0
            },
            {
                "id": "61571813927490",
                "count": 0
            },
            {
                "id": "100068057324020",
                "count": 0
            },
            {
                "id": "61551671622880",
                "count": 0
            },
            {
                "id": "100074047555649",
                "count": 0
            }
        ]
    }
}