{
    "total": [
        {
            "id": "100083411540341",
            "count": 101
        },
        {
            "id": "61567380487188",
            "count": 80
        },
        {
            "id": "61575049445698",
            "count": 0
        },
        {
            "id": "61563838847977",
            "count": 0
        },
        {
            "id": "61574598222042",
            "count": 0
        },
        {
            "id": "61576026206055",
            "count": 0
        },
        {
            "id": "61575733336999",
            "count": 0
        },
        {
            "id": "61575354880858",
            "count": 0
        },
        {
            "id": "61563132350768",
            "count": 0
        },
        {
            "id": "61560840330324",
            "count": 0
        }
    ],
    "week": [
        {
            "id": "100083411540341",
            "count": 101
        },
        {
            "id": "61567380487188",
            "count": 80
        },
        {
            "id": "61575049445698",
            "count": 0
        },
        {
            "id": "61563838847977",
            "count": 0
        },
        {
            "id": "61574598222042",
            "count": 0
        },
        {
            "id": "61576026206055",
            "count": 0
        },
        {
            "id": "61575733336999",
            "count": 0
        },
        {
            "id": "61575354880858",
            "count": 0
        },
        {
            "id": "61563132350768",
            "count": 0
        },
        {
            "id": "61560840330324",
            "count": 0
        }
    ],
    "day": [
        {
            "id": "100083411540341",
            "count": 101
        },
        {
            "id": "61567380487188",
            "count": 80
        },
        {
            "id": "61575049445698",
            "count": 0
        },
        {
            "id": "61563838847977",
            "count": 0
        },
        {
            "id": "61574598222042",
            "count": 0
        },
        {
            "id": "61576026206055",
            "count": 0
        },
        {
            "id": "61575733336999",
            "count": 0
        },
        {
            "id": "61575354880858",
            "count": 0
        },
        {
            "id": "61563132350768",
            "count": 0
        },
        {
            "id": "61560840330324",
            "count": 0
        }
    ],
    "time": 1,
    "last": {
        "time": 4,
        "day": [
            {
                "id": "100083411540341",
                "count": 0
            },
            {
                "id": "61567380487188",
                "count": 0
            },
            {
                "id": "61575049445698",
                "count": 0
            },
            {
                "id": "61563838847977",
                "count": 0
            },
            {
                "id": "61574598222042",
                "count": 0
            },
            {
                "id": "61576026206055",
                "count": 0
            },
            {
                "id": "61575733336999",
                "count": 0
            },
            {
                "id": "61575354880858",
                "count": 0
            },
            {
                "id": "61563132350768",
                "count": 0
            },
            {
                "id": "61560840330324",
                "count": 0
            }
        ],
        "week": [
            {
                "id": "100083411540341",
                "count": 0
            },
            {
                "id": "61567380487188",
                "count": 0
            },
            {
                "id": "61575049445698",
                "count": 0
            },
            {
                "id": "61563838847977",
                "count": 0
            },
            {
                "id": "61574598222042",
                "count": 0
            },
            {
                "id": "61576026206055",
                "count": 0
            },
            {
                "id": "61575733336999",
                "count": 0
            },
            {
                "id": "61575354880858",
                "count": 0
            },
            {
                "id": "61563132350768",
                "count": 0
            },
            {
                "id": "61560840330324",
                "count": 0
            }
        ]
    }
}