{
    "total": [
        {
            "id": "100083411540341",
            "count": 4
        },
        {
            "id": "100040761302134",
            "count": 0
        },
        {
            "id": "100077455430992",
            "count": 0
        },
        {
            "id": "502275138",
            "count": 0
        },
        {
            "id": "100060410386561",
            "count": 2
        },
        {
            "id": "61555015060828",
            "count": 0
        },
        {
            "id": "100094715921630",
            "count": 0
        },
        {
            "id": "100091867150218",
            "count": 0
        },
        {
            "id": "100079132493558",
            "count": 0
        },
        {
            "id": "100089275975416",
            "count": 0
        },
        {
            "id": "61552776494105",
            "count": 0
        },
        {
            "id": "100079461903545",
            "count": 0
        },
        {
            "id": "797099377",
            "count": 0
        },
        {
            "id": "61566407567301",
            "count": 0
        },
        {
            "id": "61574949961881",
            "count": 0
        },
        {
            "id": "61567955760189",
            "count": 0
        },
        {
            "id": "61556442602122",
            "count": 0
        },
        {
            "id": "100090424367683",
            "count": 0
        },
        {
            "id": "100093051642489",
            "count": 0
        },
        {
            "id": "61559447971396",
            "count": 0
        },
        {
            "id": "61561266771579",
            "count": 0
        },
        {
            "id": "100092474333705",
            "count": 0
        },
        {
            "id": "61555809030974",
            "count": 0
        },
        {
            "id": "100055438166224",
            "count": 0
        },
        {
            "id": "100082709528871",
            "count": 0
        },
        {
            "id": "100011667938000",
            "count": 0
        },
        {
            "id": "61551752403258",
            "count": 0
        },
        {
            "id": "61561865532817",
            "count": 0
        },
        {
            "id": "100067894578212",
            "count": 0
        },
        {
            "id": "100010334145262",
            "count": 0
        },
        {
            "id": "1547532949",
            "count": 0
        },
        {
            "id": "100069034183467",
            "count": 0
        },
        {
            "id": "100021974019839",
            "count": 0
        },
        {
            "id": "61575838616054",
            "count": 0
        },
        {
            "id": "61554620715942",
            "count": 0
        },
        {
            "id": "100086417446931",
            "count": 0
        },
        {
            "id": "61574767334489",
            "count": 0
        },
        {
            "id": "61575487304203",
            "count": 0
        },
        {
            "id": "61562700164208",
            "count": 1
        },
        {
            "id": "61574544987224",
            "count": 0
        },
        {
            "id": "100048879443926",
            "count": 0
        },
        {
            "id": "100089320043777",
            "count": 0
        },
        {
            "id": "100093852656737",
            "count": 0
        },
        {
            "id": "1270787329",
            "count": 1
        },
        {
            "id": "100011855520258",
            "count": 0
        },
        {
            "id": "61554559637752",
            "count": 0
        },
        {
            "id": "100077310310127",
            "count": 0
        },
        {
            "id": "100029977491749",
            "count": 0
        },
        {
            "id": "100082605747368",
            "count": 0
        },
        {
            "id": "61558139965930",
            "count": 0
        },
        {
            "id": "100082507557795",
            "count": 0
        },
        {
            "id": "100037078680353",
            "count": 0
        },
        {
            "id": "61551202621743",
            "count": 0
        },
        {
            "id": "100051326408408",
            "count": 0
        },
        {
            "id": "100095280528274",
            "count": 0
        },
        {
            "id": "61551955193081",
            "count": 0
        },
        {
            "id": "61559098764230",
            "count": 0
        },
        {
            "id": "100087606834399",
            "count": 0
        },
        {
            "id": "61566807730469",
            "count": 0
        },
        {
            "id": "100053475312216",
            "count": 0
        },
        {
            "id": "61573936104305",
            "count": 0
        },
        {
            "id": "61575306772770",
            "count": 0
        },
        {
            "id": "61572357775817",
            "count": 0
        },
        {
            "id": "61576045541656",
            "count": 0
        },
        {
            "id": "100088415734058",
            "count": 0
        },
        {
            "id": "61576076848874",
            "count": 1
        },
        {
            "id": "61572245671963",
            "count": 0
        },
        {
            "id": "61573973050737",
            "count": 0
        },
        {
            "id": "100040000340764",
            "count": 0
        },
        {
            "id": "100094940028501",
            "count": 0
        },
        {
            "id": "61564012386663",
            "count": 0
        },
        {
            "id": "100090867097312",
            "count": 0
        },
        {
            "id": "100007850537297",
            "count": 0
        },
        {
            "id": "61574159227344",
            "count": 0
        },
        {
            "id": "61576567596362",
            "count": 0
        },
        {
            "id": "100069118550693",
            "count": 0
        },
        {
            "id": "61572249008003",
            "count": 0
        },
        {
            "id": "61576722863217",
            "count": 0
        },
        {
            "id": "100073775151036",
            "count": 4
        },
        {
            "id": "100075738775585",
            "count": 0
        },
        {
            "id": "61555827847943",
            "count": 0
        },
        {
            "id": "61567380487188",
            "count": 5
        }
    ],
    "week": [
        {
            "id": "100083411540341",
            "count": 4
        },
        {
            "id": "100040761302134",
            "count": 0
        },
        {
            "id": "100077455430992",
            "count": 0
        },
        {
            "id": "502275138",
            "count": 0
        },
        {
            "id": "100060410386561",
            "count": 2
        },
        {
            "id": "61555015060828",
            "count": 0
        },
        {
            "id": "100094715921630",
            "count": 0
        },
        {
            "id": "100091867150218",
            "count": 0
        },
        {
            "id": "100079132493558",
            "count": 0
        },
        {
            "id": "100089275975416",
            "count": 0
        },
        {
            "id": "61552776494105",
            "count": 0
        },
        {
            "id": "100079461903545",
            "count": 0
        },
        {
            "id": "797099377",
            "count": 0
        },
        {
            "id": "61566407567301",
            "count": 0
        },
        {
            "id": "61574949961881",
            "count": 0
        },
        {
            "id": "61567955760189",
            "count": 0
        },
        {
            "id": "61556442602122",
            "count": 0
        },
        {
            "id": "100090424367683",
            "count": 0
        },
        {
            "id": "100093051642489",
            "count": 0
        },
        {
            "id": "61559447971396",
            "count": 0
        },
        {
            "id": "61561266771579",
            "count": 0
        },
        {
            "id": "100092474333705",
            "count": 0
        },
        {
            "id": "61555809030974",
            "count": 0
        },
        {
            "id": "100055438166224",
            "count": 0
        },
        {
            "id": "100082709528871",
            "count": 0
        },
        {
            "id": "100011667938000",
            "count": 0
        },
        {
            "id": "61551752403258",
            "count": 0
        },
        {
            "id": "61561865532817",
            "count": 0
        },
        {
            "id": "100067894578212",
            "count": 0
        },
        {
            "id": "100010334145262",
            "count": 0
        },
        {
            "id": "1547532949",
            "count": 0
        },
        {
            "id": "100069034183467",
            "count": 0
        },
        {
            "id": "100021974019839",
            "count": 0
        },
        {
            "id": "61575838616054",
            "count": 0
        },
        {
            "id": "61554620715942",
            "count": 0
        },
        {
            "id": "100086417446931",
            "count": 0
        },
        {
            "id": "61574767334489",
            "count": 0
        },
        {
            "id": "61575487304203",
            "count": 0
        },
        {
            "id": "61562700164208",
            "count": 1
        },
        {
            "id": "61574544987224",
            "count": 0
        },
        {
            "id": "100048879443926",
            "count": 0
        },
        {
            "id": "100089320043777",
            "count": 0
        },
        {
            "id": "100093852656737",
            "count": 0
        },
        {
            "id": "1270787329",
            "count": 1
        },
        {
            "id": "100011855520258",
            "count": 0
        },
        {
            "id": "61554559637752",
            "count": 0
        },
        {
            "id": "100077310310127",
            "count": 0
        },
        {
            "id": "100029977491749",
            "count": 0
        },
        {
            "id": "100082605747368",
            "count": 0
        },
        {
            "id": "61558139965930",
            "count": 0
        },
        {
            "id": "100082507557795",
            "count": 0
        },
        {
            "id": "100037078680353",
            "count": 0
        },
        {
            "id": "61551202621743",
            "count": 0
        },
        {
            "id": "100051326408408",
            "count": 0
        },
        {
            "id": "100095280528274",
            "count": 0
        },
        {
            "id": "61551955193081",
            "count": 0
        },
        {
            "id": "61559098764230",
            "count": 0
        },
        {
            "id": "100087606834399",
            "count": 0
        },
        {
            "id": "61566807730469",
            "count": 0
        },
        {
            "id": "100053475312216",
            "count": 0
        },
        {
            "id": "61573936104305",
            "count": 0
        },
        {
            "id": "61575306772770",
            "count": 0
        },
        {
            "id": "61572357775817",
            "count": 0
        },
        {
            "id": "61576045541656",
            "count": 0
        },
        {
            "id": "100088415734058",
            "count": 0
        },
        {
            "id": "61576076848874",
            "count": 1
        },
        {
            "id": "61572245671963",
            "count": 0
        },
        {
            "id": "61573973050737",
            "count": 0
        },
        {
            "id": "100040000340764",
            "count": 0
        },
        {
            "id": "100094940028501",
            "count": 0
        },
        {
            "id": "61564012386663",
            "count": 0
        },
        {
            "id": "100090867097312",
            "count": 0
        },
        {
            "id": "100007850537297",
            "count": 0
        },
        {
            "id": "61574159227344",
            "count": 0
        },
        {
            "id": "61576567596362",
            "count": 0
        },
        {
            "id": "100069118550693",
            "count": 0
        },
        {
            "id": "61572249008003",
            "count": 0
        },
        {
            "id": "61576722863217",
            "count": 0
        },
        {
            "id": "100073775151036",
            "count": 4
        },
        {
            "id": "100075738775585",
            "count": 0
        },
        {
            "id": "61555827847943",
            "count": 0
        },
        {
            "id": "61567380487188",
            "count": 5
        }
    ],
    "day": [
        {
            "id": "100083411540341",
            "count": 4
        },
        {
            "id": "100040761302134",
            "count": 0
        },
        {
            "id": "100077455430992",
            "count": 0
        },
        {
            "id": "502275138",
            "count": 0
        },
        {
            "id": "100060410386561",
            "count": 2
        },
        {
            "id": "61555015060828",
            "count": 0
        },
        {
            "id": "100094715921630",
            "count": 0
        },
        {
            "id": "100091867150218",
            "count": 0
        },
        {
            "id": "100079132493558",
            "count": 0
        },
        {
            "id": "100089275975416",
            "count": 0
        },
        {
            "id": "61552776494105",
            "count": 0
        },
        {
            "id": "100079461903545",
            "count": 0
        },
        {
            "id": "797099377",
            "count": 0
        },
        {
            "id": "61566407567301",
            "count": 0
        },
        {
            "id": "61574949961881",
            "count": 0
        },
        {
            "id": "61567955760189",
            "count": 0
        },
        {
            "id": "61556442602122",
            "count": 0
        },
        {
            "id": "100090424367683",
            "count": 0
        },
        {
            "id": "100093051642489",
            "count": 0
        },
        {
            "id": "61559447971396",
            "count": 0
        },
        {
            "id": "61561266771579",
            "count": 0
        },
        {
            "id": "100092474333705",
            "count": 0
        },
        {
            "id": "61555809030974",
            "count": 0
        },
        {
            "id": "100055438166224",
            "count": 0
        },
        {
            "id": "100082709528871",
            "count": 0
        },
        {
            "id": "100011667938000",
            "count": 0
        },
        {
            "id": "61551752403258",
            "count": 0
        },
        {
            "id": "61561865532817",
            "count": 0
        },
        {
            "id": "100067894578212",
            "count": 0
        },
        {
            "id": "100010334145262",
            "count": 0
        },
        {
            "id": "1547532949",
            "count": 0
        },
        {
            "id": "100069034183467",
            "count": 0
        },
        {
            "id": "100021974019839",
            "count": 0
        },
        {
            "id": "61575838616054",
            "count": 0
        },
        {
            "id": "61554620715942",
            "count": 0
        },
        {
            "id": "100086417446931",
            "count": 0
        },
        {
            "id": "61574767334489",
            "count": 0
        },
        {
            "id": "61575487304203",
            "count": 0
        },
        {
            "id": "61562700164208",
            "count": 1
        },
        {
            "id": "61574544987224",
            "count": 0
        },
        {
            "id": "100048879443926",
            "count": 0
        },
        {
            "id": "100089320043777",
            "count": 0
        },
        {
            "id": "100093852656737",
            "count": 0
        },
        {
            "id": "1270787329",
            "count": 1
        },
        {
            "id": "100011855520258",
            "count": 0
        },
        {
            "id": "61554559637752",
            "count": 0
        },
        {
            "id": "100077310310127",
            "count": 0
        },
        {
            "id": "100029977491749",
            "count": 0
        },
        {
            "id": "100082605747368",
            "count": 0
        },
        {
            "id": "61558139965930",
            "count": 0
        },
        {
            "id": "100082507557795",
            "count": 0
        },
        {
            "id": "100037078680353",
            "count": 0
        },
        {
            "id": "61551202621743",
            "count": 0
        },
        {
            "id": "100051326408408",
            "count": 0
        },
        {
            "id": "100095280528274",
            "count": 0
        },
        {
            "id": "61551955193081",
            "count": 0
        },
        {
            "id": "61559098764230",
            "count": 0
        },
        {
            "id": "100087606834399",
            "count": 0
        },
        {
            "id": "61566807730469",
            "count": 0
        },
        {
            "id": "100053475312216",
            "count": 0
        },
        {
            "id": "61573936104305",
            "count": 0
        },
        {
            "id": "61575306772770",
            "count": 0
        },
        {
            "id": "61572357775817",
            "count": 0
        },
        {
            "id": "61576045541656",
            "count": 0
        },
        {
            "id": "100088415734058",
            "count": 0
        },
        {
            "id": "61576076848874",
            "count": 1
        },
        {
            "id": "61572245671963",
            "count": 0
        },
        {
            "id": "61573973050737",
            "count": 0
        },
        {
            "id": "100040000340764",
            "count": 0
        },
        {
            "id": "100094940028501",
            "count": 0
        },
        {
            "id": "61564012386663",
            "count": 0
        },
        {
            "id": "100090867097312",
            "count": 0
        },
        {
            "id": "100007850537297",
            "count": 0
        },
        {
            "id": "61574159227344",
            "count": 0
        },
        {
            "id": "61576567596362",
            "count": 0
        },
        {
            "id": "100069118550693",
            "count": 0
        },
        {
            "id": "61572249008003",
            "count": 0
        },
        {
            "id": "61576722863217",
            "count": 0
        },
        {
            "id": "100073775151036",
            "count": 4
        },
        {
            "id": "100075738775585",
            "count": 0
        },
        {
            "id": "61555827847943",
            "count": 0
        },
        {
            "id": "61567380487188",
            "count": 5
        }
    ],
    "time": 1,
    "last": {
        "time": 6,
        "day": [
            {
                "id": "100083411540341",
                "count": 0
            },
            {
                "id": "100040761302134",
                "count": 0
            },
            {
                "id": "100077455430992",
                "count": 0
            },
            {
                "id": "502275138",
                "count": 0
            },
            {
                "id": "100060410386561",
                "count": 0
            },
            {
                "id": "61555015060828",
                "count": 0
            },
            {
                "id": "100094715921630",
                "count": 0
            },
            {
                "id": "100091867150218",
                "count": 0
            },
            {
                "id": "100079132493558",
                "count": 0
            },
            {
                "id": "100089275975416",
                "count": 0
            },
            {
                "id": "61552776494105",
                "count": 0
            },
            {
                "id": "100079461903545",
                "count": 0
            },
            {
                "id": "797099377",
                "count": 0
            },
            {
                "id": "61566407567301",
                "count": 0
            },
            {
                "id": "61574949961881",
                "count": 0
            },
            {
                "id": "61567955760189",
                "count": 0
            },
            {
                "id": "61556442602122",
                "count": 0
            },
            {
                "id": "100090424367683",
                "count": 0
            },
            {
                "id": "100093051642489",
                "count": 0
            },
            {
                "id": "61559447971396",
                "count": 0
            },
            {
                "id": "61561266771579",
                "count": 0
            },
            {
                "id": "100092474333705",
                "count": 0
            },
            {
                "id": "61555809030974",
                "count": 0
            },
            {
                "id": "100055438166224",
                "count": 0
            },
            {
                "id": "100082709528871",
                "count": 0
            },
            {
                "id": "100011667938000",
                "count": 0
            },
            {
                "id": "61551752403258",
                "count": 0
            },
            {
                "id": "61561865532817",
                "count": 0
            },
            {
                "id": "100067894578212",
                "count": 0
            },
            {
                "id": "100010334145262",
                "count": 0
            },
            {
                "id": "1547532949",
                "count": 0
            },
            {
                "id": "100069034183467",
                "count": 0
            },
            {
                "id": "100021974019839",
                "count": 0
            },
            {
                "id": "61575838616054",
                "count": 0
            },
            {
                "id": "61554620715942",
                "count": 0
            },
            {
                "id": "100086417446931",
                "count": 0
            },
            {
                "id": "61574767334489",
                "count": 0
            },
            {
                "id": "61575487304203",
                "count": 0
            },
            {
                "id": "61562700164208",
                "count": 0
            },
            {
                "id": "61574544987224",
                "count": 0
            },
            {
                "id": "100048879443926",
                "count": 0
            },
            {
                "id": "100089320043777",
                "count": 0
            },
            {
                "id": "100093852656737",
                "count": 0
            },
            {
                "id": "1270787329",
                "count": 0
            },
            {
                "id": "100011855520258",
                "count": 0
            },
            {
                "id": "61554559637752",
                "count": 0
            },
            {
                "id": "100077310310127",
                "count": 0
            },
            {
                "id": "100029977491749",
                "count": 0
            },
            {
                "id": "100082605747368",
                "count": 0
            },
            {
                "id": "61558139965930",
                "count": 0
            },
            {
                "id": "100082507557795",
                "count": 0
            },
            {
                "id": "100037078680353",
                "count": 0
            },
            {
                "id": "61551202621743",
                "count": 0
            },
            {
                "id": "100051326408408",
                "count": 0
            },
            {
                "id": "100095280528274",
                "count": 0
            },
            {
                "id": "61551955193081",
                "count": 0
            },
            {
                "id": "61559098764230",
                "count": 0
            },
            {
                "id": "100087606834399",
                "count": 0
            },
            {
                "id": "61566807730469",
                "count": 0
            },
            {
                "id": "100053475312216",
                "count": 0
            },
            {
                "id": "61573936104305",
                "count": 0
            },
            {
                "id": "61575306772770",
                "count": 0
            },
            {
                "id": "61572357775817",
                "count": 0
            },
            {
                "id": "61576045541656",
                "count": 0
            },
            {
                "id": "100088415734058",
                "count": 0
            },
            {
                "id": "61576076848874",
                "count": 0
            },
            {
                "id": "61572245671963",
                "count": 0
            },
            {
                "id": "61573973050737",
                "count": 0
            },
            {
                "id": "100040000340764",
                "count": 0
            },
            {
                "id": "100094940028501",
                "count": 0
            },
            {
                "id": "61564012386663",
                "count": 0
            },
            {
                "id": "100090867097312",
                "count": 0
            },
            {
                "id": "100007850537297",
                "count": 0
            },
            {
                "id": "61574159227344",
                "count": 0
            },
            {
                "id": "61576567596362",
                "count": 0
            },
            {
                "id": "100069118550693",
                "count": 0
            },
            {
                "id": "61572249008003",
                "count": 0
            },
            {
                "id": "61576722863217",
                "count": 0
            },
            {
                "id": "100073775151036",
                "count": 0
            },
            {
                "id": "100075738775585",
                "count": 0
            },
            {
                "id": "61555827847943",
                "count": 0
            },
            {
                "id": "61567380487188",
                "count": 0
            }
        ],
        "week": [
            {
                "id": "100083411540341",
                "count": 0
            },
            {
                "id": "100040761302134",
                "count": 0
            },
            {
                "id": "100077455430992",
                "count": 0
            },
            {
                "id": "502275138",
                "count": 0
            },
            {
                "id": "100060410386561",
                "count": 0
            },
            {
                "id": "61555015060828",
                "count": 0
            },
            {
                "id": "100094715921630",
                "count": 0
            },
            {
                "id": "100091867150218",
                "count": 0
            },
            {
                "id": "100079132493558",
                "count": 0
            },
            {
                "id": "100089275975416",
                "count": 0
            },
            {
                "id": "61552776494105",
                "count": 0
            },
            {
                "id": "100079461903545",
                "count": 0
            },
            {
                "id": "797099377",
                "count": 0
            },
            {
                "id": "61566407567301",
                "count": 0
            },
            {
                "id": "61574949961881",
                "count": 0
            },
            {
                "id": "61567955760189",
                "count": 0
            },
            {
                "id": "61556442602122",
                "count": 0
            },
            {
                "id": "100090424367683",
                "count": 0
            },
            {
                "id": "100093051642489",
                "count": 0
            },
            {
                "id": "61559447971396",
                "count": 0
            },
            {
                "id": "61561266771579",
                "count": 0
            },
            {
                "id": "100092474333705",
                "count": 0
            },
            {
                "id": "61555809030974",
                "count": 0
            },
            {
                "id": "100055438166224",
                "count": 0
            },
            {
                "id": "100082709528871",
                "count": 0
            },
            {
                "id": "100011667938000",
                "count": 0
            },
            {
                "id": "61551752403258",
                "count": 0
            },
            {
                "id": "61561865532817",
                "count": 0
            },
            {
                "id": "100067894578212",
                "count": 0
            },
            {
                "id": "100010334145262",
                "count": 0
            },
            {
                "id": "1547532949",
                "count": 0
            },
            {
                "id": "100069034183467",
                "count": 0
            },
            {
                "id": "100021974019839",
                "count": 0
            },
            {
                "id": "61575838616054",
                "count": 0
            },
            {
                "id": "61554620715942",
                "count": 0
            },
            {
                "id": "100086417446931",
                "count": 0
            },
            {
                "id": "61574767334489",
                "count": 0
            },
            {
                "id": "61575487304203",
                "count": 0
            },
            {
                "id": "61562700164208",
                "count": 0
            },
            {
                "id": "61574544987224",
                "count": 0
            },
            {
                "id": "100048879443926",
                "count": 0
            },
            {
                "id": "100089320043777",
                "count": 0
            },
            {
                "id": "100093852656737",
                "count": 0
            },
            {
                "id": "1270787329",
                "count": 0
            },
            {
                "id": "100011855520258",
                "count": 0
            },
            {
                "id": "61554559637752",
                "count": 0
            },
            {
                "id": "100077310310127",
                "count": 0
            },
            {
                "id": "100029977491749",
                "count": 0
            },
            {
                "id": "100082605747368",
                "count": 0
            },
            {
                "id": "61558139965930",
                "count": 0
            },
            {
                "id": "100082507557795",
                "count": 0
            },
            {
                "id": "100037078680353",
                "count": 0
            },
            {
                "id": "61551202621743",
                "count": 0
            },
            {
                "id": "100051326408408",
                "count": 0
            },
            {
                "id": "100095280528274",
                "count": 0
            },
            {
                "id": "61551955193081",
                "count": 0
            },
            {
                "id": "61559098764230",
                "count": 0
            },
            {
                "id": "100087606834399",
                "count": 0
            },
            {
                "id": "61566807730469",
                "count": 0
            },
            {
                "id": "100053475312216",
                "count": 0
            },
            {
                "id": "61573936104305",
                "count": 0
            },
            {
                "id": "61575306772770",
                "count": 0
            },
            {
                "id": "61572357775817",
                "count": 0
            },
            {
                "id": "61576045541656",
                "count": 0
            },
            {
                "id": "100088415734058",
                "count": 0
            },
            {
                "id": "61576076848874",
                "count": 0
            },
            {
                "id": "61572245671963",
                "count": 0
            },
            {
                "id": "61573973050737",
                "count": 0
            },
            {
                "id": "100040000340764",
                "count": 0
            },
            {
                "id": "100094940028501",
                "count": 0
            },
            {
                "id": "61564012386663",
                "count": 0
            },
            {
                "id": "100090867097312",
                "count": 0
            },
            {
                "id": "100007850537297",
                "count": 0
            },
            {
                "id": "61574159227344",
                "count": 0
            },
            {
                "id": "61576567596362",
                "count": 0
            },
            {
                "id": "100069118550693",
                "count": 0
            },
            {
                "id": "61572249008003",
                "count": 0
            },
            {
                "id": "61576722863217",
                "count": 0
            },
            {
                "id": "100073775151036",
                "count": 0
            },
            {
                "id": "100075738775585",
                "count": 0
            },
            {
                "id": "61555827847943",
                "count": 0
            },
            {
                "id": "61567380487188",
                "count": 0
            }
        ]
    }
}