{
    "total": [
        {
            "id": "100047128875560",
            "count": 0
        },
        {
            "id": "100090787034843",
            "count": 0
        },
        {
            "id": "100089477253149",
            "count": 0
        },
        {
            "id": "100093852656737",
            "count": 0
        },
        {
            "id": "61572135665820",
            "count": 85
        },
        {
            "id": "100048286966787",
            "count": 0
        },
        {
            "id": "100093051642489",
            "count": 2
        },
        {
            "id": "100040761302134",
            "count": 0
        },
        {
            "id": "61575306772770",
            "count": 1
        },
        {
            "id": "100040000340764",
            "count": 0
        },
        {
            "id": "61550859368874",
            "count": 0
        },
        {
            "id": "100054723692685",
            "count": 0
        },
        {
            "id": "61560244731622",
            "count": 0
        },
        {
            "id": "61557452279525",
            "count": 0
        },
        {
            "id": "100093814743722",
            "count": 26
        },
        {
            "id": "100066234321905",
            "count": 1
        },
        {
            "id": "100092364073953",
            "count": 0
        },
        {
            "id": "61570823791353",
            "count": 0
        },
        {
            "id": "100086381191724",
            "count": 37
        },
        {
            "id": "100079132493558",
            "count": 0
        },
        {
            "id": "61551202621743",
            "count": 7
        },
        {
            "id": "61566807730469",
            "count": 0
        },
        {
            "id": "100000493975005",
            "count": 0
        },
        {
            "id": "100081680783009",
            "count": 0
        },
        {
            "id": "61576910752798",
            "count": 0
        },
        {
            "id": "100092741151929",
            "count": 13
        },
        {
            "id": "100047365308654",
            "count": 0
        },
        {
            "id": "100086033984335",
            "count": 0
        },
        {
            "id": "100093434798663",
            "count": 0
        },
        {
            "id": "100051306214230",
            "count": 63
        },
        {
            "id": "100083411540341",
            "count": 54
        },
        {
            "id": "61567380487188",
            "count": 38
        },
        {
            "id": "100057428280262",
            "count": 22
        },
        {
            "id": "100004541799135",
            "count": 12
        },
        {
            "id": "61558219527956",
            "count": 0
        },
        {
            "id": "100067508386723",
            "count": 0
        },
        {
            "id": "61577725793265",
            "count": 0
        },
        {
            "id": "100088316225096",
            "count": 0
        },
        {
            "id": "100088486877628",
            "count": 0
        },
        {
            "id": "100072451285668",
            "count": 0
        },
        {
            "id": "100037211391552",
            "count": 0
        },
        {
            "id": "100075355876941",
            "count": 0
        },
        {
            "id": "61577802004459",
            "count": 0
        },
        {
            "id": "100079577807941",
            "count": 0
        },
        {
            "id": "100016757713599",
            "count": 0
        },
        {
            "id": "1809148173",
            "count": 0
        },
        {
            "id": "61577947804561",
            "count": 0
        },
        {
            "id": "100089304260882",
            "count": 0
        },
        {
            "id": "61577721907426",
            "count": 0
        },
        {
            "id": "100080681347584",
            "count": 0
        },
        {
            "id": "61560299746623",
            "count": 0
        },
        {
            "id": "100033476377058",
            "count": 0
        },
        {
            "id": "100061172506707",
            "count": 0
        },
        {
            "id": "61569711977129",
            "count": 0
        },
        {
            "id": "61577898005864",
            "count": 0
        },
        {
            "id": "61557926310385",
            "count": 0
        },
        {
            "id": "61577101080886",
            "count": 0
        },
        {
            "id": "100083620530593",
            "count": 0
        },
        {
            "id": "100057696697185",
            "count": 0
        },
        {
            "id": "100011072562872",
            "count": 0
        },
        {
            "id": "100094235645470",
            "count": 1
        },
        {
            "id": "502275138",
            "count": 0
        },
        {
            "id": "509484270",
            "count": 0
        },
        {
            "id": "100063600331393",
            "count": 0
        },
        {
            "id": "61572998867631",
            "count": 0
        }
    ],
    "week": [
        {
            "id": "100047128875560",
            "count": 0
        },
        {
            "id": "100090787034843",
            "count": 0
        },
        {
            "id": "100089477253149",
            "count": 0
        },
        {
            "id": "100093852656737",
            "count": 0
        },
        {
            "id": "61572135665820",
            "count": 85
        },
        {
            "id": "100048286966787",
            "count": 0
        },
        {
            "id": "100093051642489",
            "count": 2
        },
        {
            "id": "100040761302134",
            "count": 0
        },
        {
            "id": "61575306772770",
            "count": 1
        },
        {
            "id": "100040000340764",
            "count": 0
        },
        {
            "id": "61550859368874",
            "count": 0
        },
        {
            "id": "100054723692685",
            "count": 0
        },
        {
            "id": "61560244731622",
            "count": 0
        },
        {
            "id": "61557452279525",
            "count": 0
        },
        {
            "id": "100093814743722",
            "count": 26
        },
        {
            "id": "100066234321905",
            "count": 1
        },
        {
            "id": "100092364073953",
            "count": 0
        },
        {
            "id": "61570823791353",
            "count": 0
        },
        {
            "id": "100086381191724",
            "count": 37
        },
        {
            "id": "100079132493558",
            "count": 0
        },
        {
            "id": "61551202621743",
            "count": 7
        },
        {
            "id": "61566807730469",
            "count": 0
        },
        {
            "id": "100000493975005",
            "count": 0
        },
        {
            "id": "100081680783009",
            "count": 0
        },
        {
            "id": "61576910752798",
            "count": 0
        },
        {
            "id": "100092741151929",
            "count": 13
        },
        {
            "id": "100047365308654",
            "count": 0
        },
        {
            "id": "100086033984335",
            "count": 0
        },
        {
            "id": "100093434798663",
            "count": 0
        },
        {
            "id": "100051306214230",
            "count": 63
        },
        {
            "id": "100083411540341",
            "count": 54
        },
        {
            "id": "61567380487188",
            "count": 38
        },
        {
            "id": "100057428280262",
            "count": 22
        },
        {
            "id": "100004541799135",
            "count": 12
        },
        {
            "id": "61558219527956",
            "count": 0
        },
        {
            "id": "100067508386723",
            "count": 0
        },
        {
            "id": "61577725793265",
            "count": 0
        },
        {
            "id": "100088316225096",
            "count": 0
        },
        {
            "id": "100088486877628",
            "count": 0
        },
        {
            "id": "100072451285668",
            "count": 0
        },
        {
            "id": "100037211391552",
            "count": 0
        },
        {
            "id": "100075355876941",
            "count": 0
        },
        {
            "id": "61577802004459",
            "count": 0
        },
        {
            "id": "100079577807941",
            "count": 0
        },
        {
            "id": "100016757713599",
            "count": 0
        },
        {
            "id": "1809148173",
            "count": 0
        },
        {
            "id": "61577947804561",
            "count": 0
        },
        {
            "id": "100089304260882",
            "count": 0
        },
        {
            "id": "61577721907426",
            "count": 0
        },
        {
            "id": "100080681347584",
            "count": 0
        },
        {
            "id": "61560299746623",
            "count": 0
        },
        {
            "id": "100033476377058",
            "count": 0
        },
        {
            "id": "100061172506707",
            "count": 0
        },
        {
            "id": "61569711977129",
            "count": 0
        },
        {
            "id": "61577898005864",
            "count": 0
        },
        {
            "id": "61557926310385",
            "count": 0
        },
        {
            "id": "61577101080886",
            "count": 0
        },
        {
            "id": "100083620530593",
            "count": 0
        },
        {
            "id": "100057696697185",
            "count": 0
        },
        {
            "id": "100011072562872",
            "count": 0
        },
        {
            "id": "100094235645470",
            "count": 1
        },
        {
            "id": "502275138",
            "count": 0
        },
        {
            "id": "509484270",
            "count": 0
        },
        {
            "id": "100063600331393",
            "count": 0
        },
        {
            "id": "61572998867631",
            "count": 0
        }
    ],
    "day": [
        {
            "id": "100047128875560",
            "count": 0
        },
        {
            "id": "100090787034843",
            "count": 0
        },
        {
            "id": "100089477253149",
            "count": 0
        },
        {
            "id": "100093852656737",
            "count": 0
        },
        {
            "id": "61572135665820",
            "count": 85
        },
        {
            "id": "100048286966787",
            "count": 0
        },
        {
            "id": "100093051642489",
            "count": 2
        },
        {
            "id": "100040761302134",
            "count": 0
        },
        {
            "id": "61575306772770",
            "count": 1
        },
        {
            "id": "100040000340764",
            "count": 0
        },
        {
            "id": "61550859368874",
            "count": 0
        },
        {
            "id": "100054723692685",
            "count": 0
        },
        {
            "id": "61560244731622",
            "count": 0
        },
        {
            "id": "61557452279525",
            "count": 0
        },
        {
            "id": "100093814743722",
            "count": 26
        },
        {
            "id": "100066234321905",
            "count": 1
        },
        {
            "id": "100092364073953",
            "count": 0
        },
        {
            "id": "61570823791353",
            "count": 0
        },
        {
            "id": "100086381191724",
            "count": 37
        },
        {
            "id": "100079132493558",
            "count": 0
        },
        {
            "id": "61551202621743",
            "count": 7
        },
        {
            "id": "61566807730469",
            "count": 0
        },
        {
            "id": "100000493975005",
            "count": 0
        },
        {
            "id": "100081680783009",
            "count": 0
        },
        {
            "id": "61576910752798",
            "count": 0
        },
        {
            "id": "100092741151929",
            "count": 13
        },
        {
            "id": "100047365308654",
            "count": 0
        },
        {
            "id": "100086033984335",
            "count": 0
        },
        {
            "id": "100093434798663",
            "count": 0
        },
        {
            "id": "100051306214230",
            "count": 63
        },
        {
            "id": "100083411540341",
            "count": 54
        },
        {
            "id": "61567380487188",
            "count": 38
        },
        {
            "id": "100057428280262",
            "count": 22
        },
        {
            "id": "100004541799135",
            "count": 12
        },
        {
            "id": "61558219527956",
            "count": 0
        },
        {
            "id": "100067508386723",
            "count": 0
        },
        {
            "id": "61577725793265",
            "count": 0
        },
        {
            "id": "100088316225096",
            "count": 0
        },
        {
            "id": "100088486877628",
            "count": 0
        },
        {
            "id": "100072451285668",
            "count": 0
        },
        {
            "id": "100037211391552",
            "count": 0
        },
        {
            "id": "100075355876941",
            "count": 0
        },
        {
            "id": "61577802004459",
            "count": 0
        },
        {
            "id": "100079577807941",
            "count": 0
        },
        {
            "id": "100016757713599",
            "count": 0
        },
        {
            "id": "1809148173",
            "count": 0
        },
        {
            "id": "61577947804561",
            "count": 0
        },
        {
            "id": "100089304260882",
            "count": 0
        },
        {
            "id": "61577721907426",
            "count": 0
        },
        {
            "id": "100080681347584",
            "count": 0
        },
        {
            "id": "61560299746623",
            "count": 0
        },
        {
            "id": "100033476377058",
            "count": 0
        },
        {
            "id": "100061172506707",
            "count": 0
        },
        {
            "id": "61569711977129",
            "count": 0
        },
        {
            "id": "61577898005864",
            "count": 0
        },
        {
            "id": "61557926310385",
            "count": 0
        },
        {
            "id": "61577101080886",
            "count": 0
        },
        {
            "id": "100083620530593",
            "count": 0
        },
        {
            "id": "100057696697185",
            "count": 0
        },
        {
            "id": "100011072562872",
            "count": 0
        },
        {
            "id": "100094235645470",
            "count": 1
        },
        {
            "id": "502275138",
            "count": 0
        },
        {
            "id": "509484270",
            "count": 0
        },
        {
            "id": "100063600331393",
            "count": 0
        },
        {
            "id": "61572998867631",
            "count": 0
        }
    ],
    "time": 1,
    "last": {
        "time": 6,
        "day": [
            {
                "id": "100047128875560",
                "count": 0
            },
            {
                "id": "61561044382257",
                "count": 0
            },
            {
                "id": "100090787034843",
                "count": 0
            },
            {
                "id": "61576150289862",
                "count": 0
            },
            {
                "id": "100089477253149",
                "count": 0
            },
            {
                "id": "61558139965930",
                "count": 0
            },
            {
                "id": "61572605799324",
                "count": 0
            },
            {
                "id": "61568443432899",
                "count": 0
            },
            {
                "id": "61575901512658",
                "count": 0
            },
            {
                "id": "100093852656737",
                "count": 0
            },
            {
                "id": "61576325814998",
                "count": 0
            },
            {
                "id": "100000844920097",
                "count": 0
            },
            {
                "id": "61572135665820",
                "count": 0
            },
            {
                "id": "61576299449284",
                "count": 0
            },
            {
                "id": "61576354646982",
                "count": 0
            },
            {
                "id": "61553160543846",
                "count": 0
            },
            {
                "id": "61576089609046",
                "count": 0
            },
            {
                "id": "61555980650434",
                "count": 0
            },
            {
                "id": "100048286966787",
                "count": 0
            },
            {
                "id": "61575947056063",
                "count": 0
            },
            {
                "id": "61566957326033",
                "count": 0
            },
            {
                "id": "61572245671963",
                "count": 0
            },
            {
                "id": "100021974019839",
                "count": 0
            },
            {
                "id": "100093051642489",
                "count": 0
            },
            {
                "id": "61576418429480",
                "count": 0
            },
            {
                "id": "100059432478428",
                "count": 0
            },
            {
                "id": "100040761302134",
                "count": 0
            },
            {
                "id": "61576076848874",
                "count": 0
            },
            {
                "id": "61575306772770",
                "count": 0
            },
            {
                "id": "100040000340764",
                "count": 0
            },
            {
                "id": "61573002120434",
                "count": 0
            },
            {
                "id": "61550859368874",
                "count": 0
            },
            {
                "id": "100054723692685",
                "count": 0
            },
            {
                "id": "61560244731622",
                "count": 0
            },
            {
                "id": "100082897621667",
                "count": 0
            },
            {
                "id": "61576343831206",
                "count": 0
            },
            {
                "id": "61557452279525",
                "count": 0
            },
            {
                "id": "100093814743722",
                "count": 0
            },
            {
                "id": "100066234321905",
                "count": 0
            },
            {
                "id": "100067827494573",
                "count": 0
            },
            {
                "id": "100074764201829",
                "count": 0
            },
            {
                "id": "61576707662544",
                "count": 0
            },
            {
                "id": "100092364073953",
                "count": 0
            },
            {
                "id": "61576805640346",
                "count": 0
            },
            {
                "id": "61570823791353",
                "count": 0
            },
            {
                "id": "26607592",
                "count": 0
            },
            {
                "id": "100086381191724",
                "count": 0
            },
            {
                "id": "100079132493558",
                "count": 0
            },
            {
                "id": "61568136634826",
                "count": 0
            },
            {
                "id": "61576895639054",
                "count": 0
            },
            {
                "id": "61576360080954",
                "count": 0
            },
            {
                "id": "61551202621743",
                "count": 0
            },
            {
                "id": "61566807730469",
                "count": 0
            },
            {
                "id": "100063717053495",
                "count": 0
            },
            {
                "id": "61576667863230",
                "count": 0
            },
            {
                "id": "61574544987224",
                "count": 0
            },
            {
                "id": "100000493975005",
                "count": 0
            },
            {
                "id": "100081680783009",
                "count": 0
            },
            {
                "id": "100088991874320",
                "count": 0
            },
            {
                "id": "61576910752798",
                "count": 0
            },
            {
                "id": "100000009580166",
                "count": 0
            },
            {
                "id": "100087961658176",
                "count": 0
            },
            {
                "id": "61577043231072",
                "count": 0
            },
            {
                "id": "100092741151929",
                "count": 0
            },
            {
                "id": "100004605662546",
                "count": 0
            },
            {
                "id": "100064100839325",
                "count": 0
            },
            {
                "id": "61576798121809",
                "count": 0
            },
            {
                "id": "61575976986968",
                "count": 0
            },
            {
                "id": "100094089697594",
                "count": 0
            },
            {
                "id": "61576097532220",
                "count": 0
            },
            {
                "id": "100023135117246",
                "count": 0
            },
            {
                "id": "100047365308654",
                "count": 0
            },
            {
                "id": "100086033984335",
                "count": 0
            },
            {
                "id": "100093434798663",
                "count": 0
            },
            {
                "id": "100081434557176",
                "count": 0
            },
            {
                "id": "61577281444253",
                "count": 0
            },
            {
                "id": "61577282405136",
                "count": 0
            },
            {
                "id": "100034255932020",
                "count": 0
            },
            {
                "id": "100051306214230",
                "count": 0
            },
            {
                "id": "61554991084185",
                "count": 0
            },
            {
                "id": "61576627354600",
                "count": 0
            },
            {
                "id": "100083411540341",
                "count": 0
            },
            {
                "id": "61567380487188",
                "count": 0
            },
            {
                "id": "100057428280262",
                "count": 0
            },
            {
                "id": "100004541799135",
                "count": 0
            },
            {
                "id": "61558219527956",
                "count": 0
            },
            {
                "id": "100067508386723",
                "count": 0
            },
            {
                "id": "61577725793265",
                "count": 0
            },
            {
                "id": "100088316225096",
                "count": 0
            },
            {
                "id": "100088486877628",
                "count": 0
            },
            {
                "id": "100072451285668",
                "count": 0
            },
            {
                "id": "100037211391552",
                "count": 0
            },
            {
                "id": "100075355876941",
                "count": 0
            },
            {
                "id": "61577802004459",
                "count": 0
            },
            {
                "id": "100079577807941",
                "count": 0
            },
            {
                "id": "100016757713599",
                "count": 0
            },
            {
                "id": "1809148173",
                "count": 0
            },
            {
                "id": "61577947804561",
                "count": 0
            },
            {
                "id": "100089304260882",
                "count": 0
            },
            {
                "id": "61577721907426",
                "count": 0
            },
            {
                "id": "100080681347584",
                "count": 0
            },
            {
                "id": "61560299746623",
                "count": 0
            },
            {
                "id": "100033476377058",
                "count": 0
            },
            {
                "id": "100061172506707",
                "count": 0
            },
            {
                "id": "61569711977129",
                "count": 0
            },
            {
                "id": "61577898005864",
                "count": 0
            },
            {
                "id": "61557926310385",
                "count": 0
            },
            {
                "id": "61577101080886",
                "count": 0
            },
            {
                "id": "100083620530593",
                "count": 0
            },
            {
                "id": "100057696697185",
                "count": 0
            },
            {
                "id": "100011072562872",
                "count": 0
            },
            {
                "id": "100094235645470",
                "count": 0
            },
            {
                "id": "502275138",
                "count": 0
            },
            {
                "id": "509484270",
                "count": 0
            },
            {
                "id": "100063600331393",
                "count": 0
            },
            {
                "id": "61572998867631",
                "count": 0
            }
        ],
        "week": [
            {
                "id": "100047128875560",
                "count": 0
            },
            {
                "id": "61561044382257",
                "count": 0
            },
            {
                "id": "100090787034843",
                "count": 0
            },
            {
                "id": "61576150289862",
                "count": 0
            },
            {
                "id": "100089477253149",
                "count": 0
            },
            {
                "id": "61558139965930",
                "count": 0
            },
            {
                "id": "61572605799324",
                "count": 0
            },
            {
                "id": "61568443432899",
                "count": 0
            },
            {
                "id": "61575901512658",
                "count": 0
            },
            {
                "id": "100093852656737",
                "count": 0
            },
            {
                "id": "61576325814998",
                "count": 0
            },
            {
                "id": "100000844920097",
                "count": 0
            },
            {
                "id": "61572135665820",
                "count": 0
            },
            {
                "id": "61576299449284",
                "count": 0
            },
            {
                "id": "61576354646982",
                "count": 0
            },
            {
                "id": "61553160543846",
                "count": 0
            },
            {
                "id": "61576089609046",
                "count": 0
            },
            {
                "id": "61555980650434",
                "count": 0
            },
            {
                "id": "100048286966787",
                "count": 0
            },
            {
                "id": "61575947056063",
                "count": 0
            },
            {
                "id": "61566957326033",
                "count": 0
            },
            {
                "id": "61572245671963",
                "count": 0
            },
            {
                "id": "100021974019839",
                "count": 0
            },
            {
                "id": "100093051642489",
                "count": 0
            },
            {
                "id": "61576418429480",
                "count": 0
            },
            {
                "id": "100059432478428",
                "count": 0
            },
            {
                "id": "100040761302134",
                "count": 0
            },
            {
                "id": "61576076848874",
                "count": 0
            },
            {
                "id": "61575306772770",
                "count": 0
            },
            {
                "id": "100040000340764",
                "count": 0
            },
            {
                "id": "61573002120434",
                "count": 0
            },
            {
                "id": "61550859368874",
                "count": 0
            },
            {
                "id": "100054723692685",
                "count": 0
            },
            {
                "id": "61560244731622",
                "count": 0
            },
            {
                "id": "100082897621667",
                "count": 0
            },
            {
                "id": "61576343831206",
                "count": 0
            },
            {
                "id": "61557452279525",
                "count": 0
            },
            {
                "id": "100093814743722",
                "count": 0
            },
            {
                "id": "100066234321905",
                "count": 0
            },
            {
                "id": "100067827494573",
                "count": 0
            },
            {
                "id": "100074764201829",
                "count": 0
            },
            {
                "id": "61576707662544",
                "count": 0
            },
            {
                "id": "100092364073953",
                "count": 0
            },
            {
                "id": "61576805640346",
                "count": 0
            },
            {
                "id": "61570823791353",
                "count": 0
            },
            {
                "id": "26607592",
                "count": 0
            },
            {
                "id": "100086381191724",
                "count": 0
            },
            {
                "id": "100079132493558",
                "count": 0
            },
            {
                "id": "61568136634826",
                "count": 0
            },
            {
                "id": "61576895639054",
                "count": 0
            },
            {
                "id": "61576360080954",
                "count": 0
            },
            {
                "id": "61551202621743",
                "count": 0
            },
            {
                "id": "61566807730469",
                "count": 0
            },
            {
                "id": "100063717053495",
                "count": 0
            },
            {
                "id": "61576667863230",
                "count": 0
            },
            {
                "id": "61574544987224",
                "count": 0
            },
            {
                "id": "100000493975005",
                "count": 0
            },
            {
                "id": "100081680783009",
                "count": 0
            },
            {
                "id": "100088991874320",
                "count": 0
            },
            {
                "id": "61576910752798",
                "count": 0
            },
            {
                "id": "100000009580166",
                "count": 0
            },
            {
                "id": "100087961658176",
                "count": 0
            },
            {
                "id": "61577043231072",
                "count": 0
            },
            {
                "id": "100092741151929",
                "count": 0
            },
            {
                "id": "100004605662546",
                "count": 0
            },
            {
                "id": "100064100839325",
                "count": 0
            },
            {
                "id": "61576798121809",
                "count": 0
            },
            {
                "id": "61575976986968",
                "count": 0
            },
            {
                "id": "100094089697594",
                "count": 0
            },
            {
                "id": "61576097532220",
                "count": 0
            },
            {
                "id": "100023135117246",
                "count": 0
            },
            {
                "id": "100047365308654",
                "count": 0
            },
            {
                "id": "100086033984335",
                "count": 0
            },
            {
                "id": "100093434798663",
                "count": 0
            },
            {
                "id": "100081434557176",
                "count": 0
            },
            {
                "id": "61577281444253",
                "count": 0
            },
            {
                "id": "61577282405136",
                "count": 0
            },
            {
                "id": "100034255932020",
                "count": 0
            },
            {
                "id": "100051306214230",
                "count": 0
            },
            {
                "id": "61554991084185",
                "count": 0
            },
            {
                "id": "61576627354600",
                "count": 0
            },
            {
                "id": "100083411540341",
                "count": 0
            },
            {
                "id": "61567380487188",
                "count": 0
            },
            {
                "id": "100057428280262",
                "count": 0
            },
            {
                "id": "100004541799135",
                "count": 0
            },
            {
                "id": "61558219527956",
                "count": 0
            },
            {
                "id": "100067508386723",
                "count": 0
            },
            {
                "id": "61577725793265",
                "count": 0
            },
            {
                "id": "100088316225096",
                "count": 0
            },
            {
                "id": "100088486877628",
                "count": 0
            },
            {
                "id": "100072451285668",
                "count": 0
            },
            {
                "id": "100037211391552",
                "count": 0
            },
            {
                "id": "100075355876941",
                "count": 0
            },
            {
                "id": "61577802004459",
                "count": 0
            },
            {
                "id": "100079577807941",
                "count": 0
            },
            {
                "id": "100016757713599",
                "count": 0
            },
            {
                "id": "1809148173",
                "count": 0
            },
            {
                "id": "61577947804561",
                "count": 0
            },
            {
                "id": "100089304260882",
                "count": 0
            },
            {
                "id": "61577721907426",
                "count": 0
            },
            {
                "id": "100080681347584",
                "count": 0
            },
            {
                "id": "61560299746623",
                "count": 0
            },
            {
                "id": "100033476377058",
                "count": 0
            },
            {
                "id": "100061172506707",
                "count": 0
            },
            {
                "id": "61569711977129",
                "count": 0
            },
            {
                "id": "61577898005864",
                "count": 0
            },
            {
                "id": "61557926310385",
                "count": 0
            },
            {
                "id": "61577101080886",
                "count": 0
            },
            {
                "id": "100083620530593",
                "count": 0
            },
            {
                "id": "100057696697185",
                "count": 0
            },
            {
                "id": "100011072562872",
                "count": 0
            },
            {
                "id": "100094235645470",
                "count": 0
            },
            {
                "id": "502275138",
                "count": 0
            },
            {
                "id": "509484270",
                "count": 0
            },
            {
                "id": "100063600331393",
                "count": 0
            },
            {
                "id": "61572998867631",
                "count": 0
            }
        ]
    }
}