{
    "total": [
        {
            "id": "100018277053087",
            "count": 601
        },
        {
            "id": "100085850988039",
            "count": 1
        },
        {
            "id": "61561400514605",
            "count": 192
        },
        {
            "id": "61550528673840",
            "count": 92
        },
        {
            "id": "100015958666251",
            "count": 2
        },
        {
            "id": "100067827494573",
            "count": 5
        },
        {
            "id": "61550997504227",
            "count": 35
        },
        {
            "id": "61551202621743",
            "count": 67
        },
        {
            "id": "547509767",
            "count": 120
        },
        {
            "id": "61554620715942",
            "count": 1
        },
        {
            "id": "61573025903295",
            "count": 481
        },
        {
            "id": "100088866878939",
            "count": 0
        },
        {
            "id": "100083411540341",
            "count": 350
        },
        {
            "id": "100000493975005",
            "count": 32
        },
        {
            "id": "61574734597196",
            "count": 266
        },
        {
            "id": "100080170699114",
            "count": 8
        },
        {
            "id": "100024871212620",
            "count": 12
        },
        {
            "id": "100090787034843",
            "count": 0
        },
        {
            "id": "61576968130163",
            "count": 44
        },
        {
            "id": "1809148173",
            "count": 97
        },
        {
            "id": "100054581515180",
            "count": 0
        },
        {
            "id": "100075784943859",
            "count": 0
        },
        {
            "id": "100067508386723",
            "count": 138
        },
        {
            "id": "1380813614",
            "count": 311
        },
        {
            "id": "100009755556901",
            "count": 23
        },
        {
            "id": "61570039694296",
            "count": 6
        },
        {
            "id": "100016757713599",
            "count": 9
        },
        {
            "id": "61567902214792",
            "count": 0
        },
        {
            "id": "61575999835460",
            "count": 11
        },
        {
            "id": "100083782546067",
            "count": 0
        },
        {
            "id": "100052221784689",
            "count": 9
        },
        {
            "id": "100086833870918",
            "count": 0
        },
        {
            "id": "61570752791370",
            "count": 0
        },
        {
            "id": "100089115852681",
            "count": 29
        },
        {
            "id": "61577408223109",
            "count": 3
        },
        {
            "id": "61576542118005",
            "count": 1
        },
        {
            "id": "100090159247973",
            "count": 105
        },
        {
            "id": "100086176242973",
            "count": 30
        },
        {
            "id": "61575306772770",
            "count": 0
        },
        {
            "id": "61550922631260",
            "count": 0
        },
        {
            "id": "61567097364798",
            "count": 0
        },
        {
            "id": "61573179532897",
            "count": 0
        },
        {
            "id": "61551123990395",
            "count": 0
        },
        {
            "id": "61576919979073",
            "count": 0
        },
        {
            "id": "61568176484099",
            "count": 0
        },
        {
            "id": "61557329604394",
            "count": 0
        },
        {
            "id": "100024945284444",
            "count": 0
        },
        {
            "id": "61557926310385",
            "count": 0
        },
        {
            "id": "100048286966787",
            "count": 0
        },
        {
            "id": "61578037192585",
            "count": 0
        },
        {
            "id": "689881635",
            "count": 0
        },
        {
            "id": "100077783931888",
            "count": 0
        },
        {
            "id": "61556465074599",
            "count": 0
        },
        {
            "id": "61577714247816",
            "count": 0
        },
        {
            "id": "61555809030974",
            "count": 0
        },
        {
            "id": "100089304260882",
            "count": 0
        },
        {
            "id": "100057428280262",
            "count": 0
        },
        {
            "id": "61574844303814",
            "count": 0
        },
        {
            "id": "100000038959241",
            "count": 0
        },
        {
            "id": "61572992199096",
            "count": 0
        },
        {
            "id": "61556821182282",
            "count": 0
        },
        {
            "id": "1429451704",
            "count": 0
        },
        {
            "id": "1247419593",
            "count": 0
        },
        {
            "id": "757649544",
            "count": 0
        },
        {
            "id": "61552169048692",
            "count": 0
        },
        {
            "id": "61577947804561",
            "count": 0
        },
        {
            "id": "100091632504333",
            "count": 0
        },
        {
            "id": "61553743931710",
            "count": 0
        },
        {
            "id": "61575034471403",
            "count": 0
        },
        {
            "id": "61572135665820",
            "count": 0
        },
        {
            "id": "61569558842582",
            "count": 0
        },
        {
            "id": "61577898005864",
            "count": 0
        },
        {
            "id": "61577796624522",
            "count": 0
        },
        {
            "id": "61574570227729",
            "count": 0
        },
        {
            "id": "61577782566454",
            "count": 0
        },
        {
            "id": "100058116300454",
            "count": 0
        },
        {
            "id": "100094324782308",
            "count": 0
        },
        {
            "id": "100094235645470",
            "count": 0
        },
        {
            "id": "100072451285668",
            "count": 0
        },
        {
            "id": "100051306214230",
            "count": 0
        },
        {
            "id": "61574544987224",
            "count": 0
        },
        {
            "id": "61576076848874",
            "count": 0
        },
        {
            "id": "100047128875560",
            "count": 0
        },
        {
            "id": "100009094562396",
            "count": 0
        },
        {
            "id": "61576198664661",
            "count": 0
        },
        {
            "id": "100091450334568",
            "count": 0
        },
        {
            "id": "100011072562872",
            "count": 0
        },
        {
            "id": "61558219527956",
            "count": 0
        },
        {
            "id": "100090825000753",
            "count": 0
        },
        {
            "id": "61577101080886",
            "count": 0
        },
        {
            "id": "61578344314716",
            "count": 0
        },
        {
            "id": "61578010992894",
            "count": 0
        },
        {
            "id": "100057696697185",
            "count": 0
        },
        {
            "id": "61578756141307",
            "count": 0
        },
        {
            "id": "61575203132001",
            "count": 0
        },
        {
            "id": "100079577807941",
            "count": 0
        },
        {
            "id": "61577832475768",
            "count": 0
        },
        {
            "id": "100077669972685",
            "count": 0
        },
        {
            "id": "61578027856896",
            "count": 0
        },
        {
            "id": "61578590241633",
            "count": 0
        },
        {
            "id": "61577725780640",
            "count": 0
        },
        {
            "id": "61567380487188",
            "count": 0
        }
    ],
    "week": [
        {
            "id": "100018277053087",
            "count": 601
        },
        {
            "id": "100085850988039",
            "count": 1
        },
        {
            "id": "61561400514605",
            "count": 192
        },
        {
            "id": "61550528673840",
            "count": 92
        },
        {
            "id": "100015958666251",
            "count": 2
        },
        {
            "id": "100067827494573",
            "count": 5
        },
        {
            "id": "61550997504227",
            "count": 35
        },
        {
            "id": "61551202621743",
            "count": 67
        },
        {
            "id": "547509767",
            "count": 120
        },
        {
            "id": "61554620715942",
            "count": 1
        },
        {
            "id": "61573025903295",
            "count": 481
        },
        {
            "id": "100088866878939",
            "count": 0
        },
        {
            "id": "100083411540341",
            "count": 350
        },
        {
            "id": "100000493975005",
            "count": 32
        },
        {
            "id": "61574734597196",
            "count": 266
        },
        {
            "id": "100080170699114",
            "count": 8
        },
        {
            "id": "100024871212620",
            "count": 12
        },
        {
            "id": "100090787034843",
            "count": 0
        },
        {
            "id": "61576968130163",
            "count": 44
        },
        {
            "id": "1809148173",
            "count": 97
        },
        {
            "id": "100054581515180",
            "count": 0
        },
        {
            "id": "100075784943859",
            "count": 0
        },
        {
            "id": "100067508386723",
            "count": 138
        },
        {
            "id": "1380813614",
            "count": 311
        },
        {
            "id": "100009755556901",
            "count": 23
        },
        {
            "id": "61570039694296",
            "count": 6
        },
        {
            "id": "100016757713599",
            "count": 9
        },
        {
            "id": "61567902214792",
            "count": 0
        },
        {
            "id": "61575999835460",
            "count": 11
        },
        {
            "id": "100083782546067",
            "count": 0
        },
        {
            "id": "100052221784689",
            "count": 9
        },
        {
            "id": "100086833870918",
            "count": 0
        },
        {
            "id": "61570752791370",
            "count": 0
        },
        {
            "id": "100089115852681",
            "count": 29
        },
        {
            "id": "61577408223109",
            "count": 3
        },
        {
            "id": "61576542118005",
            "count": 1
        },
        {
            "id": "100090159247973",
            "count": 105
        },
        {
            "id": "100086176242973",
            "count": 30
        },
        {
            "id": "61575306772770",
            "count": 0
        },
        {
            "id": "61550922631260",
            "count": 0
        },
        {
            "id": "61567097364798",
            "count": 0
        },
        {
            "id": "61573179532897",
            "count": 0
        },
        {
            "id": "61551123990395",
            "count": 0
        },
        {
            "id": "61576919979073",
            "count": 0
        },
        {
            "id": "61568176484099",
            "count": 0
        },
        {
            "id": "61557329604394",
            "count": 0
        },
        {
            "id": "100024945284444",
            "count": 0
        },
        {
            "id": "61557926310385",
            "count": 0
        },
        {
            "id": "100048286966787",
            "count": 0
        },
        {
            "id": "61578037192585",
            "count": 0
        },
        {
            "id": "689881635",
            "count": 0
        },
        {
            "id": "100077783931888",
            "count": 0
        },
        {
            "id": "61556465074599",
            "count": 0
        },
        {
            "id": "61577714247816",
            "count": 0
        },
        {
            "id": "61555809030974",
            "count": 0
        },
        {
            "id": "100089304260882",
            "count": 0
        },
        {
            "id": "100057428280262",
            "count": 0
        },
        {
            "id": "61574844303814",
            "count": 0
        },
        {
            "id": "100000038959241",
            "count": 0
        },
        {
            "id": "61572992199096",
            "count": 0
        },
        {
            "id": "61556821182282",
            "count": 0
        },
        {
            "id": "1429451704",
            "count": 0
        },
        {
            "id": "1247419593",
            "count": 0
        },
        {
            "id": "757649544",
            "count": 0
        },
        {
            "id": "61552169048692",
            "count": 0
        },
        {
            "id": "61577947804561",
            "count": 0
        },
        {
            "id": "100091632504333",
            "count": 0
        },
        {
            "id": "61553743931710",
            "count": 0
        },
        {
            "id": "61575034471403",
            "count": 0
        },
        {
            "id": "61572135665820",
            "count": 0
        },
        {
            "id": "61569558842582",
            "count": 0
        },
        {
            "id": "61577898005864",
            "count": 0
        },
        {
            "id": "61577796624522",
            "count": 0
        },
        {
            "id": "61574570227729",
            "count": 0
        },
        {
            "id": "61577782566454",
            "count": 0
        },
        {
            "id": "100058116300454",
            "count": 0
        },
        {
            "id": "100094324782308",
            "count": 0
        },
        {
            "id": "100094235645470",
            "count": 0
        },
        {
            "id": "100072451285668",
            "count": 0
        },
        {
            "id": "100051306214230",
            "count": 0
        },
        {
            "id": "61574544987224",
            "count": 0
        },
        {
            "id": "61576076848874",
            "count": 0
        },
        {
            "id": "100047128875560",
            "count": 0
        },
        {
            "id": "100009094562396",
            "count": 0
        },
        {
            "id": "61576198664661",
            "count": 0
        },
        {
            "id": "100091450334568",
            "count": 0
        },
        {
            "id": "100011072562872",
            "count": 0
        },
        {
            "id": "61558219527956",
            "count": 0
        },
        {
            "id": "100090825000753",
            "count": 0
        },
        {
            "id": "61577101080886",
            "count": 0
        },
        {
            "id": "61578344314716",
            "count": 0
        },
        {
            "id": "61578010992894",
            "count": 0
        },
        {
            "id": "100057696697185",
            "count": 0
        },
        {
            "id": "61578756141307",
            "count": 0
        },
        {
            "id": "61575203132001",
            "count": 0
        },
        {
            "id": "100079577807941",
            "count": 0
        },
        {
            "id": "61577832475768",
            "count": 0
        },
        {
            "id": "100077669972685",
            "count": 0
        },
        {
            "id": "61578027856896",
            "count": 0
        },
        {
            "id": "61578590241633",
            "count": 0
        },
        {
            "id": "61577725780640",
            "count": 0
        },
        {
            "id": "61567380487188",
            "count": 0
        }
    ],
    "day": [
        {
            "id": "100018277053087",
            "count": 601
        },
        {
            "id": "100085850988039",
            "count": 1
        },
        {
            "id": "61561400514605",
            "count": 192
        },
        {
            "id": "61550528673840",
            "count": 92
        },
        {
            "id": "100015958666251",
            "count": 2
        },
        {
            "id": "100067827494573",
            "count": 5
        },
        {
            "id": "61550997504227",
            "count": 35
        },
        {
            "id": "61551202621743",
            "count": 67
        },
        {
            "id": "547509767",
            "count": 120
        },
        {
            "id": "61554620715942",
            "count": 1
        },
        {
            "id": "61573025903295",
            "count": 481
        },
        {
            "id": "100088866878939",
            "count": 0
        },
        {
            "id": "100083411540341",
            "count": 350
        },
        {
            "id": "100000493975005",
            "count": 32
        },
        {
            "id": "61574734597196",
            "count": 266
        },
        {
            "id": "100080170699114",
            "count": 8
        },
        {
            "id": "100024871212620",
            "count": 12
        },
        {
            "id": "100090787034843",
            "count": 0
        },
        {
            "id": "61576968130163",
            "count": 44
        },
        {
            "id": "1809148173",
            "count": 97
        },
        {
            "id": "100054581515180",
            "count": 0
        },
        {
            "id": "100075784943859",
            "count": 0
        },
        {
            "id": "100067508386723",
            "count": 138
        },
        {
            "id": "1380813614",
            "count": 311
        },
        {
            "id": "100009755556901",
            "count": 23
        },
        {
            "id": "61570039694296",
            "count": 6
        },
        {
            "id": "100016757713599",
            "count": 9
        },
        {
            "id": "61567902214792",
            "count": 0
        },
        {
            "id": "61575999835460",
            "count": 11
        },
        {
            "id": "100083782546067",
            "count": 0
        },
        {
            "id": "100052221784689",
            "count": 9
        },
        {
            "id": "100086833870918",
            "count": 0
        },
        {
            "id": "61570752791370",
            "count": 0
        },
        {
            "id": "100089115852681",
            "count": 29
        },
        {
            "id": "61577408223109",
            "count": 3
        },
        {
            "id": "61576542118005",
            "count": 1
        },
        {
            "id": "100090159247973",
            "count": 105
        },
        {
            "id": "100086176242973",
            "count": 30
        },
        {
            "id": "61575306772770",
            "count": 0
        },
        {
            "id": "61550922631260",
            "count": 0
        },
        {
            "id": "61567097364798",
            "count": 0
        },
        {
            "id": "61573179532897",
            "count": 0
        },
        {
            "id": "61551123990395",
            "count": 0
        },
        {
            "id": "61576919979073",
            "count": 0
        },
        {
            "id": "61568176484099",
            "count": 0
        },
        {
            "id": "61557329604394",
            "count": 0
        },
        {
            "id": "100024945284444",
            "count": 0
        },
        {
            "id": "61557926310385",
            "count": 0
        },
        {
            "id": "100048286966787",
            "count": 0
        },
        {
            "id": "61578037192585",
            "count": 0
        },
        {
            "id": "689881635",
            "count": 0
        },
        {
            "id": "100077783931888",
            "count": 0
        },
        {
            "id": "61556465074599",
            "count": 0
        },
        {
            "id": "61577714247816",
            "count": 0
        },
        {
            "id": "61555809030974",
            "count": 0
        },
        {
            "id": "100089304260882",
            "count": 0
        },
        {
            "id": "100057428280262",
            "count": 0
        },
        {
            "id": "61574844303814",
            "count": 0
        },
        {
            "id": "100000038959241",
            "count": 0
        },
        {
            "id": "61572992199096",
            "count": 0
        },
        {
            "id": "61556821182282",
            "count": 0
        },
        {
            "id": "1429451704",
            "count": 0
        },
        {
            "id": "1247419593",
            "count": 0
        },
        {
            "id": "757649544",
            "count": 0
        },
        {
            "id": "61552169048692",
            "count": 0
        },
        {
            "id": "61577947804561",
            "count": 0
        },
        {
            "id": "100091632504333",
            "count": 0
        },
        {
            "id": "61553743931710",
            "count": 0
        },
        {
            "id": "61575034471403",
            "count": 0
        },
        {
            "id": "61572135665820",
            "count": 0
        },
        {
            "id": "61569558842582",
            "count": 0
        },
        {
            "id": "61577898005864",
            "count": 0
        },
        {
            "id": "61577796624522",
            "count": 0
        },
        {
            "id": "61574570227729",
            "count": 0
        },
        {
            "id": "61577782566454",
            "count": 0
        },
        {
            "id": "100058116300454",
            "count": 0
        },
        {
            "id": "100094324782308",
            "count": 0
        },
        {
            "id": "100094235645470",
            "count": 0
        },
        {
            "id": "100072451285668",
            "count": 0
        },
        {
            "id": "100051306214230",
            "count": 0
        },
        {
            "id": "61574544987224",
            "count": 0
        },
        {
            "id": "61576076848874",
            "count": 0
        },
        {
            "id": "100047128875560",
            "count": 0
        },
        {
            "id": "100009094562396",
            "count": 0
        },
        {
            "id": "61576198664661",
            "count": 0
        },
        {
            "id": "100091450334568",
            "count": 0
        },
        {
            "id": "100011072562872",
            "count": 0
        },
        {
            "id": "61558219527956",
            "count": 0
        },
        {
            "id": "100090825000753",
            "count": 0
        },
        {
            "id": "61577101080886",
            "count": 0
        },
        {
            "id": "61578344314716",
            "count": 0
        },
        {
            "id": "61578010992894",
            "count": 0
        },
        {
            "id": "100057696697185",
            "count": 0
        },
        {
            "id": "61578756141307",
            "count": 0
        },
        {
            "id": "61575203132001",
            "count": 0
        },
        {
            "id": "100079577807941",
            "count": 0
        },
        {
            "id": "61577832475768",
            "count": 0
        },
        {
            "id": "100077669972685",
            "count": 0
        },
        {
            "id": "61578027856896",
            "count": 0
        },
        {
            "id": "61578590241633",
            "count": 0
        },
        {
            "id": "61577725780640",
            "count": 0
        },
        {
            "id": "61567380487188",
            "count": 0
        }
    ],
    "time": 1,
    "last": {
        "time": 4,
        "day": [
            {
                "id": "100018277053087",
                "count": 0
            },
            {
                "id": "100087606834399",
                "count": 0
            },
            {
                "id": "100085850988039",
                "count": 0
            },
            {
                "id": "61561400514605",
                "count": 0
            },
            {
                "id": "61550528673840",
                "count": 0
            },
            {
                "id": "100002896167413",
                "count": 0
            },
            {
                "id": "100015958666251",
                "count": 0
            },
            {
                "id": "100067827494573",
                "count": 0
            },
            {
                "id": "100056587066089",
                "count": 0
            },
            {
                "id": "61550997504227",
                "count": 0
            },
            {
                "id": "61551202621743",
                "count": 0
            },
            {
                "id": "547509767",
                "count": 0
            },
            {
                "id": "100079577807941",
                "count": 0
            },
            {
                "id": "61574712186294",
                "count": 0
            },
            {
                "id": "61562736273735",
                "count": 0
            },
            {
                "id": "61557143112006",
                "count": 0
            },
            {
                "id": "61554620715942",
                "count": 0
            },
            {
                "id": "61573025903295",
                "count": 0
            },
            {
                "id": "61550859368874",
                "count": 0
            },
            {
                "id": "61553831474738",
                "count": 0
            },
            {
                "id": "100088866878939",
                "count": 0
            },
            {
                "id": "61568136634826",
                "count": 0
            },
            {
                "id": "61576567596362",
                "count": 0
            },
            {
                "id": "100083411540341",
                "count": 0
            },
            {
                "id": "61572607007168",
                "count": 0
            },
            {
                "id": "61575306772770",
                "count": 0
            },
            {
                "id": "100051439970359",
                "count": 0
            },
            {
                "id": "100000493975005",
                "count": 0
            },
            {
                "id": "61550758168638",
                "count": 0
            },
            {
                "id": "61576798121809",
                "count": 0
            },
            {
                "id": "100082897621667",
                "count": 0
            },
            {
                "id": "61574734597196",
                "count": 0
            },
            {
                "id": "61577277950617",
                "count": 0
            },
            {
                "id": "7",
                "count": 0
            },
            {
                "id": "100080170699114",
                "count": 0
            },
            {
                "id": "100024871212620",
                "count": 0
            },
            {
                "id": "100087885292897",
                "count": 0
            },
            {
                "id": "61561964414095",
                "count": 0
            },
            {
                "id": "100090787034843",
                "count": 0
            },
            {
                "id": "61576968130163",
                "count": 0
            },
            {
                "id": "1809148173",
                "count": 0
            },
            {
                "id": "61577191313872",
                "count": 0
            },
            {
                "id": "100054581515180",
                "count": 0
            },
            {
                "id": "61572938072676",
                "count": 0
            },
            {
                "id": "61577026225840",
                "count": 0
            },
            {
                "id": "61576097532220",
                "count": 0
            },
            {
                "id": "100090472284363",
                "count": 0
            },
            {
                "id": "100075784943859",
                "count": 0
            },
            {
                "id": "100093927407512",
                "count": 0
            },
            {
                "id": "100056204041775",
                "count": 0
            },
            {
                "id": "100063600331393",
                "count": 0
            },
            {
                "id": "100025286732353",
                "count": 0
            },
            {
                "id": "100093179507454",
                "count": 0
            },
            {
                "id": "61558139965930",
                "count": 0
            },
            {
                "id": "61569711977129",
                "count": 0
            },
            {
                "id": "100092957220394",
                "count": 0
            },
            {
                "id": "100016789392820",
                "count": 0
            },
            {
                "id": "61576076848874",
                "count": 0
            },
            {
                "id": "100067508386723",
                "count": 0
            },
            {
                "id": "61550962658401",
                "count": 0
            },
            {
                "id": "1380813614",
                "count": 0
            },
            {
                "id": "100009755556901",
                "count": 0
            },
            {
                "id": "61570039694296",
                "count": 0
            },
            {
                "id": "100016757713599",
                "count": 0
            },
            {
                "id": "100052221784689",
                "count": 0
            },
            {
                "id": "61567380487188",
                "count": 0
            },
            {
                "id": "1618411211",
                "count": 0
            },
            {
                "id": "61567902214792",
                "count": 0
            },
            {
                "id": "100034255932020",
                "count": 0
            },
            {
                "id": "61566592889751",
                "count": 0
            },
            {
                "id": "61575999835460",
                "count": 0
            },
            {
                "id": "100083782546067",
                "count": 0
            },
            {
                "id": "100088316225096",
                "count": 0
            },
            {
                "id": "61560957716978",
                "count": 0
            },
            {
                "id": "100086833870918",
                "count": 0
            },
            {
                "id": "61570752791370",
                "count": 0
            },
            {
                "id": "100089115852681",
                "count": 0
            },
            {
                "id": "100065893710232",
                "count": 0
            },
            {
                "id": "61577700988909",
                "count": 0
            },
            {
                "id": "61577408223109",
                "count": 0
            },
            {
                "id": "61576542118005",
                "count": 0
            },
            {
                "id": "61577284059961",
                "count": 0
            },
            {
                "id": "61568443432899",
                "count": 0
            },
            {
                "id": "61577772238040",
                "count": 0
            },
            {
                "id": "61574873760388",
                "count": 0
            },
            {
                "id": "100090159247973",
                "count": 0
            },
            {
                "id": "61577896852227",
                "count": 0
            },
            {
                "id": "61576847171850",
                "count": 0
            },
            {
                "id": "100012645975748",
                "count": 0
            },
            {
                "id": "100082208221910",
                "count": 0
            },
            {
                "id": "100086176242973",
                "count": 0
            },
            {
                "id": "61550922631260",
                "count": 0
            },
            {
                "id": "61567097364798",
                "count": 0
            },
            {
                "id": "61573179532897",
                "count": 0
            },
            {
                "id": "61551123990395",
                "count": 0
            },
            {
                "id": "61576919979073",
                "count": 0
            },
            {
                "id": "61568176484099",
                "count": 0
            },
            {
                "id": "61557329604394",
                "count": 0
            },
            {
                "id": "100024945284444",
                "count": 0
            },
            {
                "id": "61557926310385",
                "count": 0
            },
            {
                "id": "100048286966787",
                "count": 0
            },
            {
                "id": "61578037192585",
                "count": 0
            },
            {
                "id": "689881635",
                "count": 0
            },
            {
                "id": "100077783931888",
                "count": 0
            },
            {
                "id": "61556465074599",
                "count": 0
            },
            {
                "id": "61577714247816",
                "count": 0
            },
            {
                "id": "61555809030974",
                "count": 0
            },
            {
                "id": "100089304260882",
                "count": 0
            },
            {
                "id": "100057428280262",
                "count": 0
            },
            {
                "id": "61574844303814",
                "count": 0
            },
            {
                "id": "100000038959241",
                "count": 0
            },
            {
                "id": "61572992199096",
                "count": 0
            },
            {
                "id": "61556821182282",
                "count": 0
            },
            {
                "id": "1429451704",
                "count": 0
            },
            {
                "id": "1247419593",
                "count": 0
            },
            {
                "id": "757649544",
                "count": 0
            },
            {
                "id": "61552169048692",
                "count": 0
            },
            {
                "id": "61577947804561",
                "count": 0
            },
            {
                "id": "100091632504333",
                "count": 0
            },
            {
                "id": "61553743931710",
                "count": 0
            },
            {
                "id": "61575034471403",
                "count": 0
            },
            {
                "id": "61572135665820",
                "count": 0
            },
            {
                "id": "61569558842582",
                "count": 0
            },
            {
                "id": "61577898005864",
                "count": 0
            },
            {
                "id": "61577796624522",
                "count": 0
            },
            {
                "id": "61574570227729",
                "count": 0
            },
            {
                "id": "61577782566454",
                "count": 0
            },
            {
                "id": "100058116300454",
                "count": 0
            },
            {
                "id": "100094324782308",
                "count": 0
            },
            {
                "id": "100094235645470",
                "count": 0
            },
            {
                "id": "100072451285668",
                "count": 0
            },
            {
                "id": "100051306214230",
                "count": 0
            },
            {
                "id": "61574544987224",
                "count": 0
            },
            {
                "id": "100047128875560",
                "count": 0
            },
            {
                "id": "100009094562396",
                "count": 0
            },
            {
                "id": "61576198664661",
                "count": 0
            },
            {
                "id": "100091450334568",
                "count": 0
            },
            {
                "id": "100011072562872",
                "count": 0
            },
            {
                "id": "61558219527956",
                "count": 0
            },
            {
                "id": "100090825000753",
                "count": 0
            },
            {
                "id": "61577101080886",
                "count": 0
            },
            {
                "id": "61578344314716",
                "count": 0
            },
            {
                "id": "61578010992894",
                "count": 0
            },
            {
                "id": "100057696697185",
                "count": 0
            },
            {
                "id": "61578756141307",
                "count": 0
            },
            {
                "id": "61575203132001",
                "count": 0
            },
            {
                "id": "61577832475768",
                "count": 0
            },
            {
                "id": "100077669972685",
                "count": 0
            },
            {
                "id": "61578027856896",
                "count": 0
            },
            {
                "id": "61578590241633",
                "count": 0
            },
            {
                "id": "61577725780640",
                "count": 0
            }
        ],
        "week": [
            {
                "id": "100018277053087",
                "count": 0
            },
            {
                "id": "100087606834399",
                "count": 0
            },
            {
                "id": "100085850988039",
                "count": 0
            },
            {
                "id": "61561400514605",
                "count": 0
            },
            {
                "id": "61550528673840",
                "count": 0
            },
            {
                "id": "100002896167413",
                "count": 0
            },
            {
                "id": "100015958666251",
                "count": 0
            },
            {
                "id": "100067827494573",
                "count": 0
            },
            {
                "id": "100056587066089",
                "count": 0
            },
            {
                "id": "61550997504227",
                "count": 0
            },
            {
                "id": "61551202621743",
                "count": 0
            },
            {
                "id": "547509767",
                "count": 0
            },
            {
                "id": "100079577807941",
                "count": 0
            },
            {
                "id": "61574712186294",
                "count": 0
            },
            {
                "id": "61562736273735",
                "count": 0
            },
            {
                "id": "61557143112006",
                "count": 0
            },
            {
                "id": "61554620715942",
                "count": 0
            },
            {
                "id": "61573025903295",
                "count": 0
            },
            {
                "id": "61550859368874",
                "count": 0
            },
            {
                "id": "61553831474738",
                "count": 0
            },
            {
                "id": "100088866878939",
                "count": 0
            },
            {
                "id": "61568136634826",
                "count": 0
            },
            {
                "id": "61576567596362",
                "count": 0
            },
            {
                "id": "100083411540341",
                "count": 0
            },
            {
                "id": "61572607007168",
                "count": 0
            },
            {
                "id": "61575306772770",
                "count": 0
            },
            {
                "id": "100051439970359",
                "count": 0
            },
            {
                "id": "100000493975005",
                "count": 0
            },
            {
                "id": "61550758168638",
                "count": 0
            },
            {
                "id": "61576798121809",
                "count": 0
            },
            {
                "id": "100082897621667",
                "count": 0
            },
            {
                "id": "61574734597196",
                "count": 0
            },
            {
                "id": "61577277950617",
                "count": 0
            },
            {
                "id": "7",
                "count": 0
            },
            {
                "id": "100080170699114",
                "count": 0
            },
            {
                "id": "100024871212620",
                "count": 0
            },
            {
                "id": "100087885292897",
                "count": 0
            },
            {
                "id": "61561964414095",
                "count": 0
            },
            {
                "id": "100090787034843",
                "count": 0
            },
            {
                "id": "61576968130163",
                "count": 0
            },
            {
                "id": "1809148173",
                "count": 0
            },
            {
                "id": "61577191313872",
                "count": 0
            },
            {
                "id": "100054581515180",
                "count": 0
            },
            {
                "id": "61572938072676",
                "count": 0
            },
            {
                "id": "61577026225840",
                "count": 0
            },
            {
                "id": "61576097532220",
                "count": 0
            },
            {
                "id": "100090472284363",
                "count": 0
            },
            {
                "id": "100075784943859",
                "count": 0
            },
            {
                "id": "100093927407512",
                "count": 0
            },
            {
                "id": "100056204041775",
                "count": 0
            },
            {
                "id": "100063600331393",
                "count": 0
            },
            {
                "id": "100025286732353",
                "count": 0
            },
            {
                "id": "100093179507454",
                "count": 0
            },
            {
                "id": "61558139965930",
                "count": 0
            },
            {
                "id": "61569711977129",
                "count": 0
            },
            {
                "id": "100092957220394",
                "count": 0
            },
            {
                "id": "100016789392820",
                "count": 0
            },
            {
                "id": "61576076848874",
                "count": 0
            },
            {
                "id": "100067508386723",
                "count": 0
            },
            {
                "id": "61550962658401",
                "count": 0
            },
            {
                "id": "1380813614",
                "count": 0
            },
            {
                "id": "100009755556901",
                "count": 0
            },
            {
                "id": "61570039694296",
                "count": 0
            },
            {
                "id": "100016757713599",
                "count": 0
            },
            {
                "id": "100052221784689",
                "count": 0
            },
            {
                "id": "61567380487188",
                "count": 0
            },
            {
                "id": "1618411211",
                "count": 0
            },
            {
                "id": "61567902214792",
                "count": 0
            },
            {
                "id": "100034255932020",
                "count": 0
            },
            {
                "id": "61566592889751",
                "count": 0
            },
            {
                "id": "61575999835460",
                "count": 0
            },
            {
                "id": "100083782546067",
                "count": 0
            },
            {
                "id": "100088316225096",
                "count": 0
            },
            {
                "id": "61560957716978",
                "count": 0
            },
            {
                "id": "100086833870918",
                "count": 0
            },
            {
                "id": "61570752791370",
                "count": 0
            },
            {
                "id": "100089115852681",
                "count": 0
            },
            {
                "id": "100065893710232",
                "count": 0
            },
            {
                "id": "61577700988909",
                "count": 0
            },
            {
                "id": "61577408223109",
                "count": 0
            },
            {
                "id": "61576542118005",
                "count": 0
            },
            {
                "id": "61577284059961",
                "count": 0
            },
            {
                "id": "61568443432899",
                "count": 0
            },
            {
                "id": "61577772238040",
                "count": 0
            },
            {
                "id": "61574873760388",
                "count": 0
            },
            {
                "id": "100090159247973",
                "count": 0
            },
            {
                "id": "61577896852227",
                "count": 0
            },
            {
                "id": "61576847171850",
                "count": 0
            },
            {
                "id": "100012645975748",
                "count": 0
            },
            {
                "id": "100082208221910",
                "count": 0
            },
            {
                "id": "100086176242973",
                "count": 0
            },
            {
                "id": "61550922631260",
                "count": 0
            },
            {
                "id": "61567097364798",
                "count": 0
            },
            {
                "id": "61573179532897",
                "count": 0
            },
            {
                "id": "61551123990395",
                "count": 0
            },
            {
                "id": "61576919979073",
                "count": 0
            },
            {
                "id": "61568176484099",
                "count": 0
            },
            {
                "id": "61557329604394",
                "count": 0
            },
            {
                "id": "100024945284444",
                "count": 0
            },
            {
                "id": "61557926310385",
                "count": 0
            },
            {
                "id": "100048286966787",
                "count": 0
            },
            {
                "id": "61578037192585",
                "count": 0
            },
            {
                "id": "689881635",
                "count": 0
            },
            {
                "id": "100077783931888",
                "count": 0
            },
            {
                "id": "61556465074599",
                "count": 0
            },
            {
                "id": "61577714247816",
                "count": 0
            },
            {
                "id": "61555809030974",
                "count": 0
            },
            {
                "id": "100089304260882",
                "count": 0
            },
            {
                "id": "100057428280262",
                "count": 0
            },
            {
                "id": "61574844303814",
                "count": 0
            },
            {
                "id": "100000038959241",
                "count": 0
            },
            {
                "id": "61572992199096",
                "count": 0
            },
            {
                "id": "61556821182282",
                "count": 0
            },
            {
                "id": "1429451704",
                "count": 0
            },
            {
                "id": "1247419593",
                "count": 0
            },
            {
                "id": "757649544",
                "count": 0
            },
            {
                "id": "61552169048692",
                "count": 0
            },
            {
                "id": "61577947804561",
                "count": 0
            },
            {
                "id": "100091632504333",
                "count": 0
            },
            {
                "id": "61553743931710",
                "count": 0
            },
            {
                "id": "61575034471403",
                "count": 0
            },
            {
                "id": "61572135665820",
                "count": 0
            },
            {
                "id": "61569558842582",
                "count": 0
            },
            {
                "id": "61577898005864",
                "count": 0
            },
            {
                "id": "61577796624522",
                "count": 0
            },
            {
                "id": "61574570227729",
                "count": 0
            },
            {
                "id": "61577782566454",
                "count": 0
            },
            {
                "id": "100058116300454",
                "count": 0
            },
            {
                "id": "100094324782308",
                "count": 0
            },
            {
                "id": "100094235645470",
                "count": 0
            },
            {
                "id": "100072451285668",
                "count": 0
            },
            {
                "id": "100051306214230",
                "count": 0
            },
            {
                "id": "61574544987224",
                "count": 0
            },
            {
                "id": "100047128875560",
                "count": 0
            },
            {
                "id": "100009094562396",
                "count": 0
            },
            {
                "id": "61576198664661",
                "count": 0
            },
            {
                "id": "100091450334568",
                "count": 0
            },
            {
                "id": "100011072562872",
                "count": 0
            },
            {
                "id": "61558219527956",
                "count": 0
            },
            {
                "id": "100090825000753",
                "count": 0
            },
            {
                "id": "61577101080886",
                "count": 0
            },
            {
                "id": "61578344314716",
                "count": 0
            },
            {
                "id": "61578010992894",
                "count": 0
            },
            {
                "id": "100057696697185",
                "count": 0
            },
            {
                "id": "61578756141307",
                "count": 0
            },
            {
                "id": "61575203132001",
                "count": 0
            },
            {
                "id": "61577832475768",
                "count": 0
            },
            {
                "id": "100077669972685",
                "count": 0
            },
            {
                "id": "61578027856896",
                "count": 0
            },
            {
                "id": "61578590241633",
                "count": 0
            },
            {
                "id": "61577725780640",
                "count": 0
            }
        ]
    }
}