[
  {
    "t_id": "9333729673384005",
    "id": "100018277053087",
    "time_start": "02/03/2025",
    "time_end": "30/12/2099"
  },
  {
    "t_id": "24105374715752875",
    "id": "100083411540341",
    "time_start": "21/06/2025",
    "time_end": "21/07/2025"
  },
  {
    "t_id": "9782437271799060",
    "id": "100083411540341",
    "time_start": "21/06/2025",
    "time_end": "21/07/2025"
  },
  {
    "t_id": "9866579163392072",
    "id": "100083411540341",
    "time_start": "22/06/2025",
    "time_end": "01/01/2030",
    "key": "qh-rRrV30"
  },
  {
    "t_id": "24369170586014555",
    "id": "100083411540341",
    "time_start": "24/06/2025",
    "time_end": "20/03/2028",
    "key": "qh-7XX5Gvcw"
  },
  {
    "t_id": "26094617460153614",
    "id": "100083411540341",
    "time_start": "25/07/2025",
    "time_end": "24/08/2025",
    "key": "qh-RXAvpqNh"
  }
]