[
    {
        "threadID": "24369170586014555",
        "shortcuts": [
            {
                "input": "luật",
                "output": "『 🚫 II. Hành Vi Nghiêm Cấm ❌ 』\n⛔ 𝗞𝗵𝗼̂𝗻𝗴 𝗧𝗮𝗴 𝗔𝗹𝗹: Chỉ QTV tag all để thông báo việc.\n⚔️ 𝗖𝗮̂́𝗺 𝗪𝗮𝗿/𝗫𝗶́𝗰𝗵 𝗠𝗶́𝗰𝗵: Tự giải quyết cá nhân. (KICK ngay lần đầu!)\n🙊 𝗛𝗮̣𝗻 𝗰𝗵𝗲̂́ 𝗰𝗵𝘂̛̉𝗶 𝗯𝗮̣̂𝘆: Chỉ được viết tắt (\"vl\", \"dm\").\n🔞 𝗖𝗮̂́𝗺 𝟭𝟴+: Không gửi/chia sẻ nội dung nhạy cảm công khai.\n🚫 𝗖𝗮̂́𝗺 𝗦𝗽𝗮𝗺: Quá 10 tin liên tục.\n🤥 𝗖𝗮̂́𝗺 𝗙𝗮𝗸𝗲 thông tin: Giả mạo tuổi/thông tin cá nhân.\n🚫 𝗖𝗮̂́𝗺 𝗟𝘂̛̀𝗮 đ𝗮̉𝗼/𝗤𝘂𝗮̉𝗻𝗴 𝗰𝗮́𝗼: Lừa đảo hoặc quảng cáo clan/sản phẩm khác.\n👶🌈 𝗞𝗵𝗼̂𝗻𝗴 𝘁𝘂𝘆𝗲̂̉𝗻 \"𝗧𝗿𝗲̉ 𝗧𝗿𝗮̂𝘂\" và \"Cá Cảnh\"/𝗞𝘆̀ 𝗧𝗵𝗶̣: Thái độ thiếu tôn trọng/không tương tác, phân biệt đối xử (giới tính, LGBT, vùng miền...). (KICK ngay lần đầu kỳ thị!)\n😼 Đ𝘂̛̀𝗻𝗴 đ𝘂̀𝗮 𝗾𝘂𝗮́ 𝗰𝗵𝗼̛́𝗻.\n\n\n*Luật chi tiết vui lòng chat \"luật chi tiết\". Xin cảm ơn!",
                "uri": null,
                "input_type": "text"
            },
            {
                "input": "luật chi tiết",
                "output": "『 📝 Nội Quy Clan POWER ✨ 』\n𓇼 ⋆｡˚ 𓆝⋆｡˚ 𓇼⋅˚₊‧ ଳ⋆.࿔*:･⋆౨ৎ˚⟡˖ ࣪˚⋆𐙚｡ 𖦹.ᡣ𐭩˚\n--------------------------------------\n『 ✅ 𝗜. 𝗬𝗲̂𝘂 𝗖𝗮̂̀𝘂 𝗚𝗶𝗮 𝗡𝗵𝗮̣̂𝗽 🚀 』\n\n- 𝗧𝘂𝗼̂̉𝗶: Sinh từ 2000 - 2012.\n- 𝗟𝗲𝘃𝗲𝗹: Tối thiểu Level 8+ trong game.\n- 𝗕𝗶𝗲̣̂𝘁 𝗱𝗮𝗻𝗵 𝗠𝗲𝘀𝘀𝗲𝗻𝗴𝗲𝗿: Đặt ᴘw 丶 [tên của bạn]. (Không đổi sau 3 ngày sẽ có nhắc nhở và xử lý.)\n\n『 🚫 𝗜𝗜. 𝗛𝗮̀𝗻𝗵 𝗩𝗶 𝗡𝗴𝗵𝗶𝗲̂𝗺 𝗖𝗮̂́𝗺 ❌ 』\n\n- 𝗞𝗵𝗼̂𝗻𝗴 𝗧𝗮𝗴 𝗔𝗹𝗹: Chỉ QTV tag all để thông báo việc.\n- 𝗖𝗮̂́𝗺 𝗪𝗮𝗿/𝗫𝗶́𝗰𝗵 𝗠𝗶́𝗰𝗵 Tự giải quyết cá nhân. (KICK ngay nếu ảnh hưởng!)\n- 𝗛𝗮̣𝗻 𝗰𝗵𝗲̂́ 𝗰𝗵𝘂̛̉𝗶 𝗯𝗮̣̂𝘆: Chỉ được viết tắt (\"vl\", \"dm\").\n- Cấm 18+: Không gửi/chia sẻ nội dung nhạy cảm công khai.\n- 𝗖𝗮̂́𝗺 𝗦𝗽𝗮𝗺: Quá 10 tin liên tục.\n- 𝗖𝗮̂́𝗺 𝗙𝗮𝗸𝗲 𝘁𝗵𝗼̂𝗻𝗴 𝘁𝗶𝗻: Giả mạo tuổi/thông tin cá nhân.\n- 𝗖𝗮̂́𝗺 𝗟𝘂̛̀𝗮 đ𝗮̉𝗼/𝗤𝘂𝗮̉𝗻𝗴 𝗰𝗮́𝗼: Lừa đảo hoặc quảng cáo clan/sản phẩm khác.\n- 𝗞𝗵𝗼̂𝗻𝗴 𝘁𝘂𝘆𝗲̂̉𝗻 \"𝗧𝗿𝗲̉ 𝗧𝗿𝗮̂𝘂, 𝗖𝗮́ 𝗖𝗮̉𝗻𝗵\"/𝗞𝘆̀ 𝗧𝗵𝗶̣: Thái độ thiếu tôn trọng/không tương tác, phân biệt đối xử (giới tính, LGBT, vùng miền...). (KICK ngay lần đầu kỳ thị!)\n- 𝗞𝗵𝗼̂𝗻𝗴 đ𝘂̀𝗮 𝗾𝘂𝗮́ 𝘁𝗿𝗼̛́𝗻.\n- 𝗟𝗶𝗲̂𝗻 𝗵𝗲̣̂ & 𝗧𝗿𝗮𝗼 đ𝗼̂̉𝗶 𝗸𝗵𝗶 𝗞𝗶𝗰𝗸: Khi Boss/QTV Kick thành viên vắng mặt, cần tìm cách liên hệ thông báo với họ. Nếu cần trao đổi sâu, hãy chat riêng.\n\n『 ✨ 𝗜𝗜𝗜. 𝗤𝘂𝘆𝗲̂̀𝗻 𝗟𝗼̛̣𝗶 & 𝗟𝗼̣𝗰 𝗧𝗵𝗮̀𝗻𝗵 𝗩𝗶𝗲̂𝗻 🗑️ 』\n\n-  𝗧𝘂̛𝗼̛𝗻𝗴 𝘁𝗮́𝗰: Ít nhất 1 lần/3 ngày. (Không tương tác 3 ngày liên tục = KICK.)\n- 𝗟𝗼̣𝗰 𝘁𝗵𝗮̀𝗻𝗵 𝘃𝗶𝗲̂𝗻: Định kỳ 4 tuần/lần, loại bỏ TV dưới 100 tin nhắn hoặc không tương tác đáng kể. (Bị nhắc nhở 3 lần = KICK.)\n- 𝗤𝘂𝘆𝗲̂̀𝗻 𝗹𝗼̛̣𝗶: Kết nối bạn bè, tìm \"nửa kia\", cùng chơi game, nhận quà sinh nhật 🎁. (Box chat vui vẻ nhưng đừng đùa quá trớn nhé!)\n𓇼 ⋆｡˚ 𓆝⋆｡˚ 𓇼⋅˚₊‧ ଳ⋆.࿔*:･⋆౨ৎ˚⟡˖ ࣪˚⋆𐙚｡ 𖦹.ᡣ𐭩˚\n--------------------------------------\n\nNếu cần tìm gặp qtv hãy liên hệ nhưng ai có dấu '.ᴘw 丶' để gặp. Cảm ơn bạn đã tham gia clan💩💖 hẹ hẹ=))",
                "uri": null,
                "input_type": "text"
            }
        ]
    }
]